3492248,-
1783517,+
3784897,+
712113,-
3520689,+
3278089,-
4335013,-
640292,+
3577395,-
1172360,-
1746124,-
2206076,-
1975217,-
3758768,+
1929758,+
4214735,-
1782799,-
2512110,+
3044188,-
790252,+
2112947,+
2055330,+
41328,+
909521,-
1963961,-
82518,-
4775619,+
1201578,-
3368830,-
790633,-
2246517,+
2437857,+
969040,+
1299251,+
3357628,+
1680623,-
1858984,-
497249,+
4625851,+
4853038,+
2363110,+
4332849,-
3821044,-
4601391,-
474652,-
1308371,-
4046871,-
1245667,+
1969969,-
991691,-
1047209,-
3246796,+
1274618,+
1197222,+
4309240,+
786867,+
1335448,-
3891002,-
202259,+
1120017,-
4331215,+
3684798,+
3326286,-
1665335,-
230671,+
513874,-
395013,+
1633530,-
4037475,+
3356855,-
4260757,+
1918793,+
3043282,-
605536,+
116755,+
2832493,+
4054054,+
3440259,-
1299788,+
4590404,-
1821516,+
351482,-
563128,+
4188138,-
1142565,-
1695321,-
668729,+
2117316,+
2045336,-
4620575,+
2782958,+
1602024,+
713591,+
2783667,-
2502428,+
4056090,-
447823,+
2134700,-
850646,-
3097135,+
1379673,-
4618144,+
3355244,-
2658010,+
4864711,+
4417996,-
1889717,-
3645010,-
1685346,+
913559,-
3258600,+
1240561,+
1911473,-
699678,-
556,+
2075708,+
3869121,+
3103772,+
925945,+
2142270,+
2876133,-
3131955,+
2345846,-
924067,+
1568360,-
3843941,+
2190300,-
3817753,-
1089622,+
4275440,+
1820075,+
700330,-
83045,+
3237274,+
1751526,+
3880516,+
1117309,+
735224,-
3697672,-
3402605,-
2475308,+
4774056,+
1304793,+
2065678,+
2664122,-
1643280,-
2253552,-
1207880,-
602379,+
2629433,+
2870998,+
4313881,-
4865588,+
4713018,-
4416755,-
3954830,-
2362140,+
4110619,-
3027276,+
4525782,+
1588796,+
3106335,-
3166687,-
4853014,-
4669334,+
4477023,-
783048,-
1031824,+
3962191,-
2714595,+
1510245,-
800632,+
1444437,-
4255780,-
2934526,-
3712310,-
4500641,-
4602266,-
3058796,-
80728,+
2635917,-
4838300,-
1645859,+
4605783,-
3678195,+
1167525,-
2658863,+
4809466,-
3460120,+
1008102,-
4015792,-
2194226,-
2967633,-
3509567,-
4385504,-
833750,+
4876850,+
610676,+
2191425,+
4546743,+
253909,+
296780,+
1973967,+
1213795,+
1998781,-
495803,+
1476402,-
92992,+
3380376,-
688121,-
1970177,-
2169094,-
2378342,+
3439036,-
1522818,-
2418005,+
318907,-
1173922,-
2203190,-
1003073,+
4156700,+
4720436,-
1473915,-
3119227,-
1747974,-
4046601,+
4079787,-
2228310,+
3336081,+
139009,-
3755113,+
507900,+
155301,-
4732757,+
1618185,+
3864530,+
3591695,+
1294883,+
1756240,-
2833567,+
3264326,+
176241,+
767891,+
1951788,-
3401913,-
4281047,-
4471798,-
3002602,+
734831,-
2400883,+
947964,-
1395178,-
2530061,+
663679,-
3035967,+
165328,+
290203,+
735607,+
870269,+
2035476,-
4331204,-
2301020,+
4805071,-
1773708,-
865096,+
3615016,+
467575,+
2070197,-
1104825,+
405959,-
3451004,-
3524599,-
1613208,-
2694325,-
160999,-
433923,-
3587450,-
1117581,+
1403415,-
3494877,-
4007574,+
3218463,-
2477246,+
532564,-
3606577,-
4861765,+
3663282,-
3106612,+
3956896,+
100900,+
2151754,+
4775086,+
1681821,-
4765520,-
1818500,+
541271,-
3962541,-
1021814,-
3129540,-
4566374,-
4867865,-
4707376,+
114578,-
3811886,+
3594143,-
176104,-
4295777,+
2658104,-
4149978,-
972416,-
2490305,+
1586935,+
2333590,-
2357162,-
4322536,-
3656316,+
3489601,+
2924962,+
1432683,-
4127542,+
2833180,-
1798301,-
2974583,-
898057,+
2175915,+
525954,-
1654524,+
34619,-
732500,+
4500889,+
133757,-
897918,-
3535802,-
3302493,-
4245384,+
3770152,-
3344812,-
4202164,+
1662946,-
1510544,+
3575976,-
4681257,+
1840098,+
4336962,+
1328095,-
4706621,-
1801176,-
136058,-
4426380,-
1849888,+
2952563,-
422400,-
2043661,-
2586444,-
4562312,+
3319624,+
395398,-
752983,-
1748151,-
2099768,-
4102609,+
3245067,-
3686025,-
3517973,-
3895146,+
2636257,-
1289234,+
1367022,-
3179920,-
2270698,-
4166617,+
1136696,-
4870342,-
1552124,-
4270706,-
3445111,+
3898251,-
332358,-
80751,+
4383391,+
4248435,+
2366276,+
4500917,+
1936296,-
823239,-
482690,-
2687709,+
1408989,+
3233140,-
2377546,-
1599297,+
4251484,-
3672617,-
1446393,-
3734982,-
4681905,-
1957441,-
3883244,+
924999,-
2911174,+
3921457,+
3021074,+
646167,-
632537,-
4150914,+
1802116,-
3933707,-
3910081,+
4325543,-
1683223,-
2231781,-
371318,-
3007966,-
2859721,-
4557250,-
4809955,+
4094003,+
3130319,-
81566,+
775087,-
3748421,-
564593,+
994774,+
3618233,-
3931831,+
2400403,+
915109,-
182556,-
1924024,+
1282554,-
1433573,+
1185652,-
4043484,+
698053,-
2183820,+
3640578,-
501756,-
2577937,+
2864243,+
2773304,-
4133599,+
1727852,-
3234306,-
4419682,-
2414626,-
2136509,+
3198190,-
930645,-
1702678,+
2715908,-
2680513,-
1591024,-
3127219,-
1071857,-
2171952,+
1665886,-
451114,+
1638321,+
1568909,+
1360896,+
1935528,-
2323934,+
3658428,+
3551276,-
1429652,-
2099635,-
2048162,-
1295978,-
3093863,-
620257,+
1641583,+
729796,+
2207108,+
484156,+
3592754,-
3416122,+
1843291,-
3607208,+
1999923,-
3259603,-
4315600,+
1502991,+
983053,-
4712845,-
2422633,-
716419,-
1748204,+
571612,-
1346080,+
1995572,+
1824723,+
3163355,+
2687785,-
2850466,-
640470,+
4771732,+
597875,-
4685537,+
23636,-
4588399,+
3688354,-
3046001,+
1658007,-
631954,-
4407160,+
2199616,+
856055,+
1608303,+
4748496,+
2716147,-
4002202,+
3616240,-
624984,+
1500135,-
395532,+
738331,-
4226278,-
2767241,-
2597441,-
1308930,-
1235329,-
862001,-
1659461,-
1941435,-
1490088,+
4224677,-
1804100,+
1025260,+
1001375,-
2629158,+
623588,-
3225058,-
2256754,-
4088189,-
2925157,-
803869,+
2198485,-
4535974,+
2064739,-
3502959,-
1185302,+
3578450,+
2026110,-
2914799,-
2595127,+
4808383,-
2923090,+
2857614,+
2460538,-
3309574,+
4525729,+
424578,+
3072925,-
550910,-
2039078,+
1096015,-
4332690,-
4299183,+
4199293,-
3346612,-
3770028,+
2962298,+
1435437,-
783696,+
2387,+
208248,+
3095407,-
3440629,+
453426,-
4095815,+
4834190,+
3281737,+
4027023,+
1445982,-
3940208,-
602471,-
2766017,+
181600,-
2690459,-
4395546,-
4006542,-
612770,+
1754635,+
3149176,+
2250604,+
1156419,+
2860515,-
3755533,+
762503,+
460508,+
713724,+
1957134,+
3551827,+
1605644,+
4636447,+
3298049,+
1237747,+
4164002,-
789122,+
1117177,-
3763356,+
3132371,+
3524416,-
520481,-
4752926,-
2660562,+
1725787,-
3117314,-
797404,+
1337782,+
4259575,+
3789271,-
3040901,-
2158330,-
4501395,-
3225102,-
2194371,-
4655794,-
3588711,+
3668858,-
4523058,+
648988,-
107436,-
2431397,+
2740923,+
1939819,+
2250544,+
1920912,+
694757,-
2653792,+
2606792,-
1048895,+
460150,+
1487792,-
3386749,+
1865609,+
3861622,+
3654630,-
4746435,+
4848138,+
1109691,-
4300815,+
4223432,+
305920,+
207052,-
2069831,-
4362037,-
4475183,+
3476761,-
128011,+
3957132,-
4467018,-
902986,-
2531639,+
1377936,+
2341485,-
1585000,+
1142732,-
651756,-
495862,+
4787854,-
1054824,+
2168924,-
245612,-
395067,+
2593483,+
691462,-
912306,-
1529639,-
2100004,-
2383306,+
269847,+
4475268,-
2266847,-
496993,+
4674691,+
2022117,-
1974575,+
254363,+
2834036,+
3414045,+
725218,+
3504384,+
1232700,+
1154756,+
4237320,-
44253,-
2478072,+
337580,+
1225385,+
3350315,+
1682758,-
3816927,-
4504884,-
4861456,+
4452062,-
3502167,+
1271629,-
1381230,+
4137276,-
2735585,-
803646,+
3379890,+
1579115,-
117745,+
4630081,+
2424201,+
3106403,-
2465735,+
4645785,+
1080775,+
4309248,-
3972820,+
658421,+
2535906,-
495003,+
448047,-
3268440,+
2090962,+
261721,+
3700113,-
1309759,-
1484321,+
2028681,+
2889687,+
3999794,+
11950,-
4424096,-
416166,-
1782476,+
1474163,+
1508648,+
4010638,-
4185999,+
3123527,-
1466102,+
4537950,-
729512,-
4386431,+
3527428,-
1561657,+
2616548,+
3914787,+
3144604,+
4527578,+
3250084,+
2393246,-
3411161,+
3951856,-
3377067,+
2502764,-
2697321,-
2468709,+
274211,-
1830093,-
3387121,-
3978262,+
3539642,+
929666,+
2297194,+
1843161,-
1155669,+
3010084,-
4332669,-
2422334,+
850155,+
4820149,+
70054,-
2363395,-
4316994,-
2363120,-
1526962,-
3661719,-
2865249,-
3132036,-
2636307,-
3038670,-
4640956,-
4684451,+
1412121,-
2435448,-
2224188,-
4131962,-
1108525,+
4451198,+
4510603,-
3252370,+
2150383,+
3479136,-
2914258,-
3752906,+
292445,-
3901764,+
2170880,-
4686637,+
1224692,+
309385,-
3195934,+
3422698,+
4537328,+
4197321,+
2118543,+
2905248,-
3789420,+
3282029,-
3757663,-
1232517,+
3270121,+
4025464,-
4662018,+
3372546,-
1543507,-
4577938,-
3412047,+
1107215,+
1647017,+
1150044,-
346951,-
1787636,-
3755545,-
3463197,-
3007678,+
4089401,-
1462534,+
954159,+
1265304,-
4146663,+
2003489,-
3253869,+
1537397,-
3842108,+
930403,+
4336716,+
897421,+
190914,+
1530830,+
1155252,+
4602097,+
2540740,-
4389572,+
2280981,-
2954875,+
3188020,+
3177076,-
1849995,-
3792257,-
3276632,+
4223309,+
1451332,+
2963522,+
4448634,-
3634997,+
218654,-
1182749,-
4533993,-
900155,+
4871794,+
2043667,-
4182488,-
1927738,+
99523,+
2511113,-
3869249,-
3542424,+
1548817,+
841594,+
2953567,+
757779,+
3533858,+
4381964,-
455610,+
4626479,+
4565466,+
652879,-
2302466,-
1067849,+
1104758,-
1470239,-
1864254,-
3512499,-
1086165,-
82927,-
2212096,-
1409758,-
161851,+
2442659,+
2078938,+
3211362,+
1838506,-
3144151,-
1747205,-
3250095,-
4758725,+
188607,+
436503,-
1939823,+
2879661,-
3859483,+
3061051,+
4757440,+
2061724,-
3173697,+
3572797,-
4177224,+
1837187,+
2842099,-
1066282,+
3965570,-
3391920,-
897919,-
1039899,-
2973342,+
3350289,-
107840,+
4107463,-
4496557,-
1584908,-
883425,-
1344176,+
3547122,-
4146754,+
3993314,+
1823240,+
1207375,-
1484579,+
3676255,+
1705871,+
204473,-
3017887,+
4377125,+
4798572,-
4132130,+
1205548,+
1925539,+
3607079,-
4836708,+
3618204,-
388383,-
4348821,+
3426881,+
1734939,-
327160,-
4424633,+
981383,-
2878506,+
2640696,+
4046125,+
2659033,-
2221745,+
1116926,-
4159911,+
3359829,+
2174202,+
4104648,+
1731514,-
1108808,+
4513504,-
710737,+
2922621,+
2184051,-
4824351,+
2452509,+
4018361,+
4716708,+
240268,-
835113,+
2592955,-
2621973,-
596726,-
2858348,+
929029,+
4175640,-
1346433,-
4168218,-
3898165,+
4055510,-
1806820,-
57117,-
2157447,-
327635,-
2029957,-
2901585,+
4660741,-
495014,+
89711,-
3896789,+
1073002,+
4351553,+
4081402,+
3264286,+
4024338,-
859475,+
4188974,-
896634,+
4571065,-
4404579,-
3963058,-
4283435,+
4737592,-
317349,-
1797150,+
116731,-
4866677,+
2841581,+
3666716,-
3626565,+
1685392,-
4308461,-
4091725,+
899568,+
946431,-
3888584,+
2005548,-
1863278,+
1618197,-
2560207,-
2525325,-
2719913,-
3347468,+
2156354,-
1375160,+
1979183,+
719195,+
1891685,+
3393298,-
4484717,-
4046377,-
3849823,-
830943,-
4659165,+
216379,-
3471385,-
241598,-
580440,-
3215552,-
483950,-
3000202,+
1491872,+
60500,-
4333525,+
3852878,-
1228253,+
577728,+
4085725,+
792795,-
4596250,+
1698040,-
4361089,+
1344673,+
298380,+
3893152,-
1070373,-
1012744,+
1598704,+
2182215,+
4114609,-
2135650,+
624713,-
209851,-
3871101,+
2953546,+
1736230,+
2607832,+
1214890,-
3127813,-
3339845,+
4201335,-
3018551,+
2612508,-
2410430,-
1017436,-
2786938,+
1184048,-
4770186,+
335547,-
2059971,-
2433669,-
4024787,-
236642,-
2486610,-
3508696,-
140084,-
1238197,-
45073,-
1834956,+
146237,-
906329,+
3443630,+
866915,-
174505,-
2848364,-
2779198,+
774736,+
1345466,+
770475,+
2156700,+
4438859,-
4692353,+
2059619,+
319253,-
1360485,-
1464166,-
2395398,+
4835,-
2847419,-
599633,+
2521842,+
3067212,+
4023309,+
59419,+
2647945,+
2304155,+
1642168,+
4866923,-
4039455,-
2259226,-
1772887,+
3005131,-
1300391,-
1146827,+
3494288,-
4370042,-
1621697,-
2773324,-
3583688,-
3225737,-
2774202,-
2513166,-
3360232,-
3234721,+
1058141,-
2812705,-
3956002,-
2239090,+
2354883,+
1856259,+
3911904,-
2926307,+
3842620,+
4371231,+
277862,-
3771946,-
1866014,+
3404897,-
178910,+
1234854,-
1272479,-
2689981,-
3761905,-
1235846,+
2247857,+
1638495,-
3959796,-
140691,-
4715841,+
4197285,-
1535887,+
2523125,-
2856135,-
1862439,+
4248224,+
1628500,+
2425857,-
3418545,+
283337,+
3440169,-
498504,+
352160,-
3114615,-
1337979,+
715359,-
4354510,-
2221976,+
1023067,-
1034386,-
837691,+
1869990,-
2364846,-
1167431,+
491150,+
4613448,-
1194773,-
1104635,+
2277967,+
1478178,+
1915233,+
217163,+
1215170,-
73827,+
208451,+
3706741,+
4393669,-
1199151,+
1128298,-
4040885,+
2435472,-
2140659,-
4620787,+
3542370,+
1881892,-
4255516,+
2535380,+
1010222,+
2625603,+
1194690,+
4655136,+
3635128,+
4539583,-
3292783,-
3100661,+
2945323,+
1711966,+
2707555,+
4174333,+
2022744,+
1367832,+
4327278,+
587410,+
3311592,-
3797712,-
4334104,+
1577430,+
2367795,+
4791788,+
541412,+
1525791,+
3396574,-
2869182,+
452460,+
967816,+
1597811,-
3866350,+
4485956,+
3854418,-
3527330,-
3702117,-
2846831,+
3802403,-
2008880,-
3934584,-
2312394,-
4573638,+
2664427,+
1335706,+
1002917,+
3252867,+
4106772,+
1768815,+
489931,-
1128604,-
2712235,-
711359,-
3276195,-
2843944,+
1245386,+
4681800,+
2344910,-
4254887,+
517765,-
2546217,-
2680501,+
1383242,-
647166,+
2817601,+
143030,+
4376737,+
2515197,-
4749516,-
899740,-
1610594,+
2957991,-
2458410,-
2522663,-
2659465,+
2475078,-
1164577,+
4090998,-
2099800,+
762428,+
3159690,-
1234931,-
4045766,-
3189704,-
2527451,-
167266,-
194190,+
2745064,-
4660227,+
170349,-
3004845,+
1241937,-
4036993,-
1068557,+
1460119,-
1928223,-
4273557,+
843709,+
2744576,-
2162590,-
480791,+
4475718,-
2084128,+
1206443,+
2729999,+
4033487,-
4297344,-
34328,+
3886153,-
1840202,-
3694947,+
3948062,+
2844153,+
3506162,-
1452819,+
44275,+
2961575,-
2254911,-
4362241,-
1542111,-
3303626,-
4289843,+
1344790,-
227050,+
2456240,-
3926378,+
499960,+
1908039,-
2329930,+
4481869,+
4560212,-
2698862,-
4094451,-
4720968,-
1738039,+
4323016,+
4769087,-
278695,-
542203,-
3654655,-
3264053,+
4163629,+
3665929,-
1162340,-
3046946,+
2982646,-
4010448,+
3440481,+
436063,+
167043,-
3032864,+
1592850,-
1807796,-
1261070,-
3959832,+
1451135,-
3333905,+
2004112,+
2809463,+
667030,+
4393923,+
3044313,-
847403,+
3273404,+
2108832,+
2650765,+
3955147,-
993900,-
4160797,+
4208781,+
3950161,-
1896881,+
1147939,+
2815534,+
1571344,+
4194191,+
2748276,-
3113845,-
242206,+
404986,-
961156,+
369372,-
1364365,-
1201949,-
2783859,+
4566996,+
4000739,+
1907308,-
1209880,+
2935719,-
2361111,-
2739191,-
594399,+
4244684,+
4686390,-
2003693,-
3538819,-
1460743,+
3112658,+
2119471,+
2464691,-
1760196,-
3296625,-
93127,-
742218,-
4482093,+
4692381,+
4552572,-
4194184,-
3447657,-
2156737,-
2255131,+
1525283,+
4727870,+
799256,-
1679099,-
3611067,+
3492287,-
268631,-
960074,-
2656680,-
1837021,-
3665570,-
1385900,+
100653,-
3900805,+
3832941,-
4454172,+
719002,-
2261289,+
2392366,-
1783304,+
427738,+
569106,-
4224936,+
4756410,-
862535,-
2464564,+
2406757,+
2490677,-
3941180,+
1971752,+
2767791,-
2095547,-
4792045,+
440353,-
3371738,+
431309,-
2304351,-
3645520,-
1897005,+
2004148,-
527332,+
4742476,-
1504183,-
943032,+
1089786,-
4163815,+
3062444,+
679141,-
4623316,+
3875971,+
743650,+
4308554,+
1830522,+
1968412,-
4554502,-
517487,+
4858836,+
1378621,-
1010433,-
2557904,-
3303815,+
1042211,-
2165354,+
2641226,+
1812224,-
4759110,-
2350918,+
2053290,+
60704,+
3923561,+
1384275,+
3777184,-
748316,-
3866347,-
4320376,+
3721286,-
459226,-
4187297,+
4302473,+
1405044,-
4310436,-
4312558,+
3713500,-
117533,-
3889278,-
4418094,-
295394,-
1143191,+
2544917,-
3584586,-
3824354,+
2198489,+
488417,+
4519714,+
2486052,-
902245,+
1748370,-
2143770,-
45754,+
246530,+
4784823,+
3676487,-
1039701,-
3118669,+
1740229,-
227979,-
4373840,-
4564156,+
1367648,-
358360,-
4039541,-
584407,-
1373628,-
27994,+
2540451,+
4145394,+
2201866,-
4581540,+
4398738,-
231217,-
3966045,+
1306305,+
617203,+
1637124,-
1731435,-
656877,-
101375,-
2908414,+
4490166,-
4491822,-
2259549,+
406150,-
4188902,-
818224,+
919562,-
2004821,-
3762643,-
3278996,-
1154785,-
3894870,-
3499379,-
2621273,+
4773114,+
691443,-
482411,-
2553165,-
3911323,-
4684602,+
1946441,-
72912,+
2175203,+
3821150,-
1767396,+
4753187,+
2100446,-
2999339,+
1457622,+
4240711,+
3934200,+
266568,+
3228337,-
3056777,-
1410881,+
2523786,+
4630191,+
3035195,-
3827808,-
4740836,-
862022,-
313327,+
2334909,-
2810673,-
4547350,+
4569189,-
3792885,-
4293247,+
4579172,-
4830305,+
3310677,-
1657676,-
903998,-
2065320,-
4269626,+
4644834,-
2960364,-
4581550,+
3721214,+
3946700,+
2069727,-
2558965,-
3577332,-
3525684,-
48965,+
1009368,+
909551,+
3687840,+
1712780,-
3165533,+
3610685,+
4743911,+
3683900,-
3819581,+
4064726,-
784364,+
3715125,+
924417,-
3477019,-
2337521,+
2226053,-
184358,+
4590913,-
4001610,+
502377,-
3642043,+
896975,+
2671998,+
3017433,+
4453033,-
1281485,-
795366,-
3273617,+
1615181,-
4043715,-
3367679,-
4364894,-
1655592,+
741224,-
2225062,-
4624031,-
2105085,-
1409232,+
64684,+
4039941,-
4756199,+
2999197,+
1096184,-
3565896,-
3309865,+
1148543,+
2940596,-
3627751,+
491998,+
2949392,-
2971358,-
2960476,-
898837,-
628862,-
864949,-
2371115,-
931101,-
3365847,+
267530,+
1521046,-
1938266,-
2971766,+
1582399,-
4281686,-
3461348,-
508046,-
2354052,-
3348815,-
3243464,+
2847998,+
77230,+
2801235,-
3470583,+
3278326,+
4612973,-
4797735,+
698206,-
4533951,-
297961,-
1948749,-
1838567,+
4832519,-
76338,-
1127966,-
2797979,-
3198343,+
3092021,-
2400854,+
1350631,-
1768174,+
3355143,+
1333879,+
527600,+
3319583,+
637991,-
143688,+
422376,+
2284252,+
4715214,+
4522053,-
496156,-
3581770,+
2304609,-
1495039,-
4030568,-
2512210,-
3305701,+
688698,+
1149423,+
3211528,+
2722934,-
4279770,+
912436,+
2821115,+
1421190,-
2207739,-
1823058,+
1873392,+
3619229,-
2429182,-
4178143,+
3631159,-
4543682,-
491875,+
486444,-
4649066,-
2993492,+
1849486,+
4516549,-
4720982,+
3289092,-
4076330,-
2729,+
2034990,-
1667661,-
1586858,+
4836135,-
4309461,-
4082065,+
136570,-
2373434,-
2713795,+
480078,+
3288667,-
4588993,-
4561179,+
1650613,-
3240767,+
1785935,+
2353544,+
2640141,+
2744845,+
4776726,-
3807264,-
1765743,+
3333482,+
2728296,-
1052720,-
460341,-
1634895,-
3153872,-
4742658,-
189802,+
63607,-
500568,+
398843,-
2928811,+
4560161,-
1993611,-
1111355,-
4220504,-
883767,+
1309956,-
3839749,-
3673834,+
2427502,+
3204262,-
1913037,+
66029,-
162987,-
2739701,+
1282255,+
2134161,+
1382675,+
3560479,+
1141504,-
796410,-
2612083,-
570207,-
3934922,-
2011923,+
3464793,-
4724574,-
4048802,+
1251336,+
2641778,-
3169129,+
792933,-
634728,-
4832011,+
755322,-
3454997,-
2942094,+
2343552,-
1198677,+
2630010,+
4142674,+
2823048,+
3834815,+
2532585,-
1389995,+
4092550,-
4092732,-
1552478,-
3597193,-
3535194,-
349518,-
544362,+
3537700,+
369442,+
2343418,+
2695502,-
1565736,-
3286019,+
189733,+
4395091,-
1636179,-
888740,-
3092351,-
2550856,+
3416935,-
795667,-
976568,-
4648177,+
2881055,-
3979695,+
1618814,-
2202836,-
3821322,-
4734736,-
1139153,-
4062339,-
4202493,-
437118,-
3903739,+
309633,-
747069,-
972020,+
508415,-
4015455,-
639036,-
270033,+
2797117,+
3001710,-
4803653,+
2966771,+
1301417,+
757375,-
4151648,+
2753169,-
424919,-
589914,+
2939826,-
2832427,+
3770462,-
2316102,-
3312336,+
3272678,+
266017,-
3977474,+
1584754,-
4078091,-
4846053,+
1454418,-
4604812,-
4332535,-
2779179,+
256236,+
4458817,+
1324829,-
4826614,-
775685,+
4770700,-
174155,-
1675780,-
4716086,-
1910495,-
2195453,-
1925492,-
60384,-
4093629,+
1700563,+
3100200,-
2560947,+
3522731,+
618202,+
2526601,-
912604,-
2349664,+
2559602,+
4701563,-
2011786,-
4614335,-
1391698,-
1956343,+
2563699,-
3422408,-
2850992,+
387408,+
1667902,-
4379347,-
4248529,+
4373962,-
1289156,-
2368408,+
3862446,-
577801,+
2850290,-
3228264,-
4471713,+
3724883,-
315475,+
2948222,+
4305027,-
3939442,-
904971,+
376445,-
4726471,+
1273753,-
1445607,+
4161406,+
189319,-
4340533,-
566200,-
1259280,+
2846316,+
1397702,+
2452031,+
1872498,-
163678,+
185989,-
4628116,-
750908,+
1717707,-
2263238,-
584173,+
3444478,+
230567,-
4601806,-
2858822,+
3853258,+
2134210,-
2310773,-
3026599,+
274241,+
3180024,+
4657904,-
1274127,+
4566288,+
3319079,-
2683701,-
2561141,+
4447225,-
4212246,+
3291259,+
2505283,+
3458964,-
4022607,+
3323173,-
528621,+
458090,+
4287308,-
56446,+
1637060,-
4311725,+
794555,-
3150223,+
649259,+
4304523,+
4675128,-
73528,+
461326,-
4401714,+
4404297,-
671489,-
3441220,-
599761,+
675101,-
2126520,-
4141799,+
4238241,+
3733034,-
2110203,+
1967898,-
416228,-
2222754,-
3735267,+
2284914,-
2547667,+
2441651,-
1006141,+
4443073,-
83265,-
2556750,+
2204982,+
1096963,+
1216793,-
2166631,+
4519111,+
2295968,-
3509701,-
1839585,-
2666312,-
1901387,+
2869317,-
4364832,+
3120419,+
2066056,-
1673472,-
2113031,+
2403839,-
303161,+
1882686,-
3832264,-
772129,+
888072,+
3461083,+
2257355,+
4052021,+
2198250,-
1235742,-
2502652,-
2518369,-
413874,-
848653,+
129844,+
1045070,+
4088166,+
1008876,+
1487673,-
2380752,-
2914163,+
2722927,+
102862,-
2681659,-
1576170,-
1453032,+
1839734,+
361941,-
4212045,-
2004993,-
1183204,+
1266720,+
2981817,+
4366280,-
1652805,+
3981455,+
700946,-
4664861,+
3575768,+
2844463,+
975639,+
1051865,+
1803691,-
1019190,-
4703522,+
4685269,-
4014381,-
3518850,-
858650,-
3238027,-
2447720,-
315604,-
889401,+
1203497,+
4320062,-
2059663,-
1433442,+
2090279,+
2612840,-
2600734,-
4858674,-
297993,+
4473738,+
3360711,+
2244143,+
3307864,-
1817576,-
3396703,-
3922998,-
4682539,-
1236753,+
2556151,-
2442656,-
1810378,-
22476,-
864095,-
1475381,+
3871472,-
529734,+
3329629,+
549245,+
2377389,+
1172360,-
1161828,+
3838098,+
3251187,+
1667707,-
1013124,+
405366,-
1697293,+
1187705,-
4582369,+
1944330,+
2991248,-
2456762,-
1871452,+
4564575,-
3859922,-
3905331,+
3361682,+
915909,+
1580159,-
1015323,+
2444692,-
4496092,-
3954675,+
1117342,+
4472025,-
3619734,-
1147302,+
1514639,+
2888943,+
714568,-
1629841,-
2663795,+
4095453,+
679691,+
4703750,-
1461597,+
3230511,+
1396256,-
4315416,-
1664331,-
1933817,+
3804579,+
1919274,-
1350715,+
749196,+
539811,-
232844,+
2011526,+
3166157,+
1802905,-
3249829,+
474839,-
207346,+
963700,+
3521937,-
1426255,-
2691237,+
3103882,-
538521,+
13437,+
5706,-
512918,+
1991553,-
975005,+
2668845,+
706257,-
141512,-
399098,-
685930,+
3865947,-
3567212,-
144511,-
4159895,+
2802963,+
661005,+
4729214,-
4088230,+
932949,-
68339,+
48336,-
3516552,-
590216,+
141536,-
3838132,-
508001,-
3150033,-
2896491,+
2818075,-
1889321,+
4192716,+
4012426,+
4685289,+
153829,+
260385,-
2282555,+
1930463,-
2133159,+
4653609,-
2414298,+
640120,+
3296198,-
1632066,+
1729724,-
2864506,-
1921581,+
730005,+
4092643,-
1845936,-
4847364,+
1232111,-
4659286,+
4265459,-
2632600,+
4088097,-
4193594,+
1990378,-
117517,-
3158290,+
4420295,+
2385066,-
2947348,-
822138,-
4660421,-
2356655,+
896145,+
4393322,+
964366,+
2371008,-
331843,-
571633,-
2356846,+
4089137,-
4402848,-
2061032,+
3887807,-
1007236,+
882126,+
2555697,-
4266644,-
4834938,+
3123813,-
931626,-
1293970,+
2601448,+
4835379,+
2242083,+
3598429,+
3651627,+
2567593,+
963205,-
3169700,-
2827543,+
2927616,-
2698889,+
2131413,+
2924291,+
1089982,-
1342176,+
2487317,-
620924,+
587378,+
2568037,+
1207866,+
1774268,+
4779988,-
842275,+
69372,+
3648127,+
207495,+
2815819,+
314539,-
171637,+
1157643,-
570178,-
1132622,+
590311,-
1012644,-
3529556,-
569002,-
1067190,+
636399,+
3748958,-
4395678,+
1538686,-
184583,+
2915965,-
350512,+
2989045,+
475722,-
480671,-
4036733,-
453723,-
2357804,-
3921403,-
1146384,+
3846191,+
3026430,-
2709611,+
3674389,+
2475150,-
1848553,-
3678514,-
1790301,+
413030,+
3835625,+
815272,+
2446467,-
4023533,-
1366907,+
2750716,+
979161,-
3775290,-
4781416,-
3055040,-
1954517,+
796247,-
345434,+
373037,+
1594129,+
2032712,+
3972921,+
4124907,-
4479877,-
765109,+
1853400,+
2238703,-
3713390,+
1193575,-
4526144,+
3970382,+
4836516,-
764437,+
3864686,+
295543,-
3492367,+
3749374,+
2637930,+
2789693,+
1947736,-
4372944,+
4575034,-
929578,-
652539,-
1591966,-
406045,+
3758770,-
4216495,-
4703280,+
2112828,+
383459,-
2245865,-
428307,+
3077090,+
3508368,+
2268061,+
1824444,-
948116,+
1901584,+
4187435,-
4373865,+
3627842,-
3987811,-
1517701,-
1479979,+
4102241,+
4039034,-
2152874,-
1377295,-
4322116,-
700787,+
1473986,-
301238,+
381033,-
4839497,-
1021598,-
321309,+
2225904,-
4157875,+
4872028,+
3252565,-
3855484,-
2412934,-
4646062,-
1546742,-
2895825,-
4204109,-
1377234,-
470849,-
462048,+
226896,-
4622654,-
2913601,+
931933,-
1192284,-
1929071,-
1416915,+
2139111,+
2428121,+
932453,+
201485,-
4526501,-
3655473,+
4281211,-
2921190,-
1038608,+
2725895,+
3979668,+
3885129,+
3652683,-
1307663,+
2325393,-
66095,-
3565261,+
2001164,-
4817771,+
2803171,+
1083888,-
2328995,+
2374297,+
4081019,+
3549605,+
1506173,-
1244875,+
1412214,+
4068316,+
3938651,-
3374346,-
1386280,+
4118959,-
3137209,-
1689675,-
2038729,+
1099666,-
978295,-
3648644,-
3790899,-
2914191,-
4827584,-
4466713,+
2906031,-
1022185,+
1159024,+
736750,-
327470,+
451894,-
79341,+
2886310,-
3855051,+
1194076,+
3523510,-
1896023,+
1054227,-
3648391,+
2589538,-
3307224,-
2745701,-
4697018,+
4158435,-
4732718,-
1515428,+
4876589,+
3204042,+
4845750,+
306710,-
448987,-
2491699,-
827278,-
4754725,+
1128012,+
1114526,+
1243257,-
2043568,+
4110555,-
584742,+
2543111,+
373733,-
3532321,-
554777,+
2875688,-
54441,-
4684239,-
914965,+
3978259,-
149276,+
4701165,+
1780331,-
1535900,+
3698032,+
3486132,-
1112926,+
3422129,-
1634213,+
1168378,-
4197382,-
450214,+
1774941,-
3805405,-
1662499,+
2616048,+
2653859,+
1748137,+
3604211,-
1368863,-
889362,+
138089,-
58771,-
1947457,+
2651614,+
422225,+
4519715,-
3257717,-
3076906,-
3152680,+
2327347,+
3516878,-
3355238,+
3288845,+
1866212,+
2639455,-
4585859,-
2182175,+
64365,+
1445698,+
2242799,+
3337656,+
1084291,-
2903309,-
2599383,+
2576123,-
3049451,+
2362856,-
462536,+
3052031,-
4832565,-
1971493,+
2781024,-
3803404,+
1960494,+
4636466,+
4593834,+
2989480,+
4319055,-
1973555,+
3403726,+
2644534,-
4768390,-
3023854,-
838544,-
2204482,+
288863,-
2523560,-
2278084,-
4323971,-
993653,+
2197275,-
3223852,+
3558617,-
3203938,-
4023716,+
2375151,+
518228,-
2040591,-
403531,-
385919,-
19350,+
3295873,+
73051,-
1663223,-
4501889,-
2890777,-
471479,+
3057095,+
758379,-
4364680,-
661636,+
4535949,-
3666092,+
12667,+
2567898,+
24402,+
2940297,-
4649001,-
4474372,+
4827887,+
2987383,-
4092988,+
2986526,+
269063,-
2981166,-
2654978,+
438779,-
1658305,-
1995963,-
4407957,+
3975126,-
1531089,-
356393,+
2532262,-
2647647,-
162471,+
2171736,-
2668278,+
3219037,+
1563799,-
2765366,-
2695939,+
2794819,+
969340,-
1560436,+
3911469,-
3160063,-
3685929,-
1566471,+
969470,-
121533,-
133019,+
1625587,+
3477339,-
3455767,-
3868619,+
4321306,-
3828044,+
3203378,+
4597272,+
3048732,-
2019605,+
2268377,-
528724,+
4146683,-
442271,-
1771595,-
1175816,-
4030480,+
2012642,+
42034,+
3833184,-
1994906,-
336758,-
523737,-
1417540,+
3273274,-
782079,+
3664027,-
4668034,-
4453464,-
384832,+
118997,-
4404592,+
1502652,+
1866303,-
2154187,-
2288577,-
2274316,+
3982761,+
774718,-
3875562,-
4187199,+
2024674,+
3511782,+
924105,+
2129505,+
1858219,+
1545724,-
270195,-
3207364,+
786671,+
408550,+
1287959,-
1908037,-
4750304,+
7518,-
1470629,+
909249,-
4433849,-
4117454,-
3488975,-
109148,-
2443315,-
593992,-
3572993,-
4136628,+
4145698,+
4397928,+
1760754,+
132312,+
4682577,-
4805322,-
2672868,-
2120381,-
4261780,-
2691208,-
1342495,+
4587475,-
2362350,-
3358420,-
1025196,+
1926039,-
643462,-
3017321,+
2235878,+
50419,-
4177151,-
4183823,-
4357366,+
950249,-
214557,+
2872800,+
1163169,+
1731388,+
36832,+
536886,+
3062407,-
4300645,+
825366,+
2155704,-
1135697,+
3271755,+
4424623,+
4390233,+
2615251,+
4044706,-
1714552,-
2474087,-
2577062,+
2335394,-
780329,-
950633,-
2140791,+
3921041,-
2862376,+
223965,+
1389827,+
2563021,-
3758506,+
1048317,+
3773055,-
4535489,+
4082913,-
4786449,+
3283901,+
2572056,+
4333413,+
4691818,-
4377470,+
40570,-
1114990,+
464435,+
1352667,-
2099635,-
4513900,+
731603,+
4346061,-
4431440,-
4237150,-
2931571,-
2028562,+
785580,-
238452,+
3386518,-
4865522,+
3425786,+
2846314,+
2950624,-
3532992,-
2798838,-
99297,+
3475021,-
2967816,+
3829644,-
398193,-
1330449,-
2042442,+
1965902,+
2418572,+
1227714,-
3754097,-
1366152,-
3459775,+
4743738,+
4862750,-
771654,-
109661,-
3815310,-
1498416,-
3694554,+
4285495,+
3506320,+
1311184,-
762295,+
3930115,+
1564053,+
311963,+
4037378,+
697091,+
2228762,+
192068,+
4171602,+
970144,+
2488872,-
2349405,-
2758281,-
300222,+
4736459,+
3815020,+
4548505,-
4140587,-
2674482,+
3719518,-
843467,-
4739556,-
794997,+
1017236,-
771737,-
1390740,+
286777,+
4301485,+
1036478,-
690423,+
334024,+
4558107,-
1597974,-
2024176,+
773871,-
1187603,-
1548077,-
350601,-
978676,+
3433746,-
4374577,-
3147793,+
3933742,+
1992429,-
1248485,+
2885071,-
962734,+
2846258,-
626966,-
4215539,+
2756662,-
1736468,+
2819910,+
3496655,-
976737,+
192990,+
1572909,-
1652879,+
3712703,+
545492,-
1195736,+
598456,-
2221839,+
498699,-
39160,+
827853,+
2847476,+
1833348,-
4826053,-
1183970,-
2477568,+
4780257,-
3657635,-
1583545,-
4220066,+
1188536,+
1847213,+
2185310,-
3319143,+
1253010,-
2372910,-
3701716,-
4121581,+
1635082,-
2748858,+
201041,+
1683386,-
787797,-
359390,-
4843166,-
1210965,-
3338246,-
1940798,+
4653375,+
349647,-
908806,+
923056,-
2877143,-
4050466,-
911656,-
2402506,+
1129707,+
3816450,-
3760369,-
518639,+
4851928,-
2950337,+
1092498,+
2869023,-
2121278,-
1800438,-
3303014,-
3218051,+
2909832,+
594977,+
1787012,+
1033890,+
269361,-
3700715,-
4509729,-
3460129,-
2952386,+
4808878,-
1843877,+
522936,+
1157444,-
1242628,+
2879714,+
3719122,-
4263856,+
2670041,-
1107421,+
3875576,-
3520520,+
1875120,-
3625582,-
856114,-
2208554,+
1198894,+
4730287,-
311697,-
195888,-
292778,+
3921934,-
2444849,-
867888,-
2164571,+
3525624,+
587824,-
4550449,+
945207,-
4439580,-
4589914,-
4132003,-
1222166,+
3710075,-
955063,+
2921353,-
563978,+
3304940,+
1941925,+
4279803,+
100241,-
1228086,-
299499,+
3580560,+
4671811,-
4112596,-
1894103,-
2667927,-
825098,+
3575116,-
3737864,+
3483335,-
1321495,-
2877696,-
342477,-
1038049,+
2565445,-
2742564,-
2179461,-
4597294,+
3237553,-
1264274,-
1428413,+
4029306,-
919513,+
365618,-
904299,-
863540,+
289646,-
2297661,+
4108098,-
1511842,+
385758,-
1759100,-
3730103,+
4086285,+
569712,-
3288509,+
3694236,-
2789780,+
408753,-
1044011,-
2960936,+
3294193,-
2827561,-
2404989,-
2405507,-
4174617,-
4386266,+
294202,-
1808091,+
3817230,-
1408488,+
1998297,+
3674612,+
1461508,-
2273101,-
3843077,-
3913264,-
2943114,-
3818687,+
4159047,+
4660313,+
4272285,-
2370843,-
276367,-
4792625,+
2444082,+
640174,-
4513448,+
49012,-
99125,-
1437865,-
2421913,-
2425692,-
3091844,-
2770946,+
3408864,+
3056286,+
1335225,-
26178,+
1206802,+
1857730,+
944168,+
2355984,+
383971,+
3182715,-
180629,-
3034373,-
2572418,+
2685313,-
313099,-
4523769,-
1038759,-
4338046,-
1032874,-
934659,+
153641,+
1728025,+
4659832,-
1465218,-
4807510,-
3665272,+
3328606,-
2984933,-
3765647,+
143850,-
1663327,+
3571404,-
1027279,+
2436970,+
339508,+
4036393,+
207941,+
1926553,-
326296,+
4608262,-
22405,+
104508,-
2422274,+
1643612,-
4476042,+
2743737,+
2775464,-
1437112,+
1542484,-
649307,-
3271076,+
1478598,+
3564396,-
3745045,+
1589522,+
2462996,-
3097170,+
941404,-
1281840,+
1206689,-
2106798,-
2681778,+
2977927,-
1334683,+
549061,-
3383923,+
4470762,-
791043,+
2923118,+
3436638,-
1527869,+
1167128,-
3059541,-
1166225,-
2806163,+
3324945,-
4054882,-
2623290,+
3229449,-
2588774,-
2516129,-
1825892,-
3744203,-
3383721,+
3714945,+
1783540,+
310180,-
3440693,-
1222130,-
2617323,-
4581291,+
2135446,+
3278381,+
1894100,+
4018033,+
927383,+
2089752,+
3128663,-
4282631,+
2716837,+
3663639,+
2572813,+
4346429,-
790374,-
1199319,-
3243694,-
3549999,+
619053,+
4825705,+
786666,+
2526234,+
2520619,-
4723921,+
4737349,-
2607336,+
3365461,+
1917654,+
3800477,+
294847,+
4303487,+
576183,-
4752734,-
947421,+
2965167,-
4075750,+
2634775,+
2432395,+
1931121,-
248745,-
3443723,+
2665178,+
1687206,+
678806,+
3184274,+
3450461,+
2869067,-
1205197,-
3319748,-
405843,+
2125279,-
411850,-
2403268,-
4057986,+
2113013,-
1536212,+
2072249,+
3206309,-
4710702,-
1689830,-
1418065,-
2791649,+
1939182,-
368394,-
4144923,-
2795589,-
126597,+
2653711,+
4261986,+
3524306,+
1243249,+
4688473,-
506140,-
3688826,+
2083610,-
2615516,-
829554,+
1830938,+
3453628,+
3121784,-
3347587,-
4658667,-
4022353,-
1179530,-
774894,-
3199759,-
1585655,+
1834124,+
2228270,-
1874515,+
2047333,+
4419228,-
4759664,+
2931828,-
2463709,+
1235028,-
1496262,+
1634207,+
1757478,-
2817499,+
19526,-
2879965,+
917031,+
446647,-
2237623,+
4546264,-
213697,+
33883,-
890692,+
599191,+
1854697,-
3750106,-
2607067,+
3980678,+
798546,+
4398411,+
2360469,+
2171448,-
4742827,-
2165059,+
2438945,+
2410289,+
3479724,-
2051743,-
3515071,+
4163890,-
4263833,+
3944402,-
1227877,-
2570027,+
456433,+
4822021,+
2260537,+
2895231,-
2517854,+
714839,+
4329204,+
4743020,+
1161772,+
580688,-
414968,+
843703,-
545821,-
439341,-
1148759,-
2108874,-
590465,+
2160747,-
1980675,-
1286965,-
530948,-
3872354,+
3932604,-
3230882,-
1864224,+
3531418,-
2787993,-
2696968,-
4873701,-
4331053,+
63560,+
1028623,-
1706633,+
632054,-
3515541,-
690303,+
2813161,+
4650782,-
3993671,+
716100,-
468134,+
4056685,+
2514377,-
1616655,-
1416449,-
3254965,+
3498964,+
886638,-
594919,+
3821506,+
1106544,-
420987,-
654435,+
3619940,+
324950,+
944263,+
4214503,+
1040693,-
4166921,-
745914,+
1271048,-
4834789,-
2550396,-
3902171,-
1428062,-
4146186,+
2597463,+
1464962,-
2963542,+
2749795,-
2455390,-
2321380,-
4026896,+
3688117,-
150935,-
1143240,+
3098600,+
3712376,+
4426558,-
2177265,-
926475,+
2825804,-
3970245,-
1172672,-
1232951,+
100803,-
1338961,+
1601725,-
2116940,-
2276503,-
969276,+
2610479,+
3338036,+
1824328,+
2389054,-
3747265,-
2794780,+
1782533,-
616983,-
1800624,-
1373125,-
1414870,-
1086809,+
2742129,-
3379886,-
2816608,-
3883947,+
3684967,+
202431,+
3154820,+
2182802,+
2477402,-
1993112,+
134882,-
3870299,-
3732285,+
4237961,-
1063732,+
1054750,-
2461839,-
2360909,-
1743587,+
2791467,+
4720078,-
938208,+
1980291,+
1887275,+
4575755,-
4096227,-
1187924,+
3991675,+
4843938,-
2785113,-
1017202,-
64501,+
4169691,-
3161548,-
2223500,+
2533716,-
4250254,+
2279058,+
4236218,+
3140316,+
3626235,-
2166283,+
3610666,-
2319370,+
83375,-
2853599,-
2383913,-
2788034,+
2700413,-
4790408,-
3436925,+
21356,-
2461827,-
290886,+
1170213,+
1789477,-
3894924,+
2189222,-
2803427,-
1076610,+
337183,+
1239795,-
1506244,+
4239354,+
1834615,-
2074699,-
3784503,+
3709662,-
3507959,-
2022658,-
3446353,+
163969,-
1520903,-
3907331,+
1500635,-
1194250,+
541888,+
1360797,+
1880804,-
321981,-
4339136,-
3993740,-
3443994,+
1387703,-
993321,+
1873500,-
3045374,-
4368681,-
937732,-
101177,-
3977236,+
3421893,-
1380339,-
853975,+
1433612,-
986037,+
139285,-
3035703,+
3395886,-
3909992,-
3173109,+
520676,+
2367474,-
3012493,-
2521361,+
1646880,+
3493137,+
1280704,+
3795662,+
1430789,-
2372039,+
775276,-
156548,-
3550342,-
4422067,+
2547853,+
459059,+
3628054,+
596573,+
4743839,+
4280047,+
3343415,-
1225475,+
4200757,-
1294781,+
2531064,+
43400,+
4579290,+
2734044,+
3488240,+
2617334,-
2842044,-
2183890,+
2259203,-
4776129,+
3245895,-
4404636,-
1000797,+
1083246,+
3173810,+
1805928,+
4320620,+
1243251,+
2332675,+
4427490,-
3347774,+
2768363,+
4477339,+
1010204,-
4339563,+
1862310,-
56488,+
2457333,-
4827990,+
1175389,-
16523,+
4222010,-
4401830,+
570783,-
1445861,-
3973878,-
188950,-
1302225,+
2218167,+
2378606,-
1988097,-
516517,+
4869067,-
4831171,+
2504673,+
3067242,+
2077323,+
1143003,-
192929,-
3477520,-
2846470,+
2619925,-
2662070,-
3663642,+
3037513,+
3873265,-
3454527,-
1214482,+
4466761,-
3562733,+
4002192,-
3181108,+
4520019,+
1717499,-
719752,-
4152121,+
3979590,-
135949,-
4267729,+
2929558,-
1513048,+
1160550,-
2799609,-
2174667,-
2206329,+
4153598,+
2725631,+
3409152,+
752825,+
841606,+
4768078,-
1624037,-
4751297,+
3477272,-
3935333,+
3011650,+
2901352,+
20915,+
553794,+
2619580,-
1718845,-
2040502,+
2319488,-
2690148,-
4025516,+
1917740,-
2080313,+
1504110,-
3237033,-
3367719,+
54045,-
1858094,-
2044162,+
4575887,-
598214,-
3690234,-
902225,-
2307178,+
2195690,-
4497315,+
3848668,-
4485473,+
1045158,-
3405856,+
270257,+
3960977,+
1273694,+
206812,-
3991261,+
2428513,-
682151,-
492311,+
656176,+
1018791,-
2761003,-
3482288,-
1952641,-
387516,+
1973279,+
4495430,+
4315351,-
3218556,+
3896197,+
509329,+
354596,-
548264,-
1826401,+
3109472,+
2646055,+
1901506,+
4343643,-
1634669,+
2604444,-
2557659,-
4803036,-
47485,-
1182366,-
3204430,+
4770844,+
1214726,+
3718186,+
2968866,-
2315681,+
644315,-
3145359,-
1006735,-
1982497,+
4478073,+
4799756,+
1293146,+
3677429,+
3571437,+
3000875,+
3111246,+
3741924,-
3938652,+
4840688,+
2698540,-
2572367,+
571158,-
551886,+
3373560,-
4273321,-
3068282,-
2948161,-
1257582,-
1654255,-
2507643,+
1101476,-
3525384,+
2770687,+
4646960,-
1570772,-
1405457,+
1273852,-
4456703,-
3163792,-
3043609,-
2935307,+
336578,-
3415546,-
1059092,+
3677941,+
2946787,-
4102609,-
2222229,+
727287,+
2640569,-
2839627,+
4192327,+
1171111,+
379393,-
3064161,+
759517,-
915429,+
3326187,-
3531435,-
4515357,-
4359505,+
2152501,-
1966788,+
836085,+
1347011,-
3211943,+
1008872,+
1180809,-
947074,+
1118798,-
4709164,-
2351104,-
4284366,-
2827162,-
2187802,-
4147588,+
1314761,-
3638466,+
1040772,+
3994711,-
2843095,-
1488454,-
1021163,-
4346299,-
3817008,-
3398666,+
4707212,+
1714084,+
3966116,-
1055824,-
3369365,+
3382,+
883841,-
3362281,+
706299,+
1238307,-
2170090,-
1997656,-
350093,+
492366,+
2397758,+
4010818,-
190162,+
2161599,+
4462999,+
4138433,+
2667849,-
530643,-
4271684,+
775369,+
4553941,+
1167732,-
925025,-
4294221,+
2989530,+
3711900,+
1451307,+
4354683,-
1067343,-
4876539,+
2087506,+
2428851,+
29797,+
2810868,+
551017,+
1400079,+
2820063,+
2191298,+
1481636,+
3604185,+
1235735,-
1836162,+
1265232,+
2657751,-
323323,-
2278479,-
2905630,-
522803,-
4355495,-
4701677,+
872311,-
3893212,-
3429028,+
1394681,+
3103812,-
2944836,+
1959817,-
477873,+
3365546,-
2064259,-
1526206,-
3805065,+
2238035,-
2089299,-
3680397,+
649989,-
958255,-
1863861,+
1758386,+
4626941,+
2131911,-
2832596,+
1724470,+
2375564,+
2131082,-
4642170,+
2704303,-
913644,-
4284401,-
80168,+
4412775,+
1984792,-
1221622,-
2239816,-
1675267,+
2826439,+
655949,+
1800108,+
357642,-
1145149,+
4090746,+
1569921,-
1995322,-
1848665,+
1497370,+
3564082,-
3810114,-
1983179,-
3549407,+
3424719,-
3615416,+
1694816,-
2303308,-
488590,-
3859120,+
2404365,+
747281,+
392820,-
1922299,+
3271837,+
4058571,+
2238040,+
1491322,+
2907583,+
4593415,-
243105,-
1473284,+
951891,+
597233,-
2222231,+
1667846,-
16430,+
336398,-
2649857,-
3378411,+
719504,-
4184460,+
4553970,-
246013,-
4585711,+
3016876,-
3359825,-
4472342,+
651296,+
4509291,-
2526326,+
4667928,+
4534688,-
1913138,-
2319763,-
2990816,+
3037755,-
3519977,+
419805,-
4303229,+
1075617,+
1853842,+
1170124,-
739802,+
2901338,-
4235606,-
1109476,+
3915658,-
1488490,+
328558,-
858702,+
782502,+
3141023,-
3132079,-
4350461,+
3015432,+
992689,-
1151726,-
2536859,-
1092716,-
3113275,+
2964072,+
1200331,-
2585910,-
3796064,+
3148992,-
4100302,+
315907,+
4473823,-
4691992,+
3691194,+
867915,+
1424954,-
3047820,+
34308,+
2873955,+
3780495,-
4087798,-
4032691,+
4831297,+
2383825,-
4611737,+
4802242,+
3317769,+
2750342,-
239918,+
4345807,-
4073443,-
4436178,+
1482101,-
618044,-
575099,+
2192237,+
2081275,-
2521088,+
3699782,+
1504002,-
3916847,-
3072992,-
773922,-
3994325,-
4535738,+
3612357,+
883971,+
4305113,+
3514939,-
906368,-
3458600,+
223180,-
1171416,-
277617,+
616799,-
4010947,-
140837,-
1417056,-
2202836,-
1807291,+
804846,-
671665,-
2680626,-
3497525,-
3690050,-
4107224,-
4439,+
4624300,+
3303511,-
2869237,-
63169,+
4389366,+
20617,+
2715166,+
2649139,+
4728107,-
4026713,+
4739446,-
366061,+
2007854,-
3244828,+
2896081,+
4501831,+
1080699,+
3299953,-
2101424,+
958051,-
2084264,-
3969824,-
3422732,+
1367047,-
302373,+
1992588,+
2699690,-
177933,-
3764207,-
4531737,-
4544967,-
1353284,+
3734115,+
3381221,+
41930,+
350098,+
3373395,-
799097,-
2724648,+
4227987,-
4148479,-
2271073,+
3480670,+
4291595,-
4614043,+
1575142,-
3842858,-
4652700,+
105996,-
4798155,+
134915,+
193277,+
611676,-
256125,-
2982391,-
2896055,+
1150474,-
3086386,-
4323404,-
4275390,+
1557864,+
4357229,+
3096426,-
1901101,-
1995336,-
2690324,-
1621071,-
4172917,-
2533939,-
4850631,-
3527178,+
2449250,-
3132982,+
2829559,-
836781,-
1214573,-
3131104,+
153954,+
2388152,+
754141,+
3529691,-
4216926,+
1761280,+
3225861,+
3818061,-
337559,+
3467854,-
1205775,+
3534660,+
653430,+
3657296,+
3844449,-
1134400,+
2543062,+
1258333,+
1908768,+
1974952,-
2065447,+
480259,-
3645347,+
1160635,-
1000258,+
916456,+
1686899,+
599049,+
3262264,-
2327416,-
2561805,-
4121363,-
3295691,+
3221838,+
2171253,+
4238047,+
2345563,-
1042485,+
1932448,-
1280940,+
702295,-
910639,+
2464333,+
2731347,-
1775071,-
2295896,-
1152339,-
1778726,+
1804269,+
3068605,+
3418697,+
1156999,+
3476923,-
3964617,+
2771474,-
1397559,+
1028113,-
1585869,+
4381798,+
2510168,+
4577449,+
2807190,-
4287011,+
2235852,-
3152923,+
4416966,-
1188164,-
1767648,-
1001135,+
678962,+
908401,-
1267359,-
2682912,+
4737856,+
4866601,+
3183295,-
1454505,+
4221187,+
2661696,-
2676431,-
649183,+
2180278,-
4278656,+
4847963,-
823580,-
3015432,-
41365,+
1963411,+
4831820,-
3019822,-
1524281,+
741943,+
1214785,-
188763,+
748020,+
1543894,-
3849518,+
2825936,-
3149483,+
4555362,-
4859974,-
2403781,-
4587378,+
3563828,+
481134,-
4268921,-
4643906,-
4125217,+
2336317,-
1315703,-
2457401,+
2817297,-
2858029,+
3202998,+
4778993,+
4076221,-
3157420,+
2681025,-
2840828,-
2806257,+
4354928,+
2302643,-
364068,+
898505,+
605322,+
3067511,-
4738346,+
79843,-
4531080,+
4227782,+
1401843,+
1728741,+
2225883,-
821389,+
302963,-
3827254,+
2289338,+
2467070,-
3713759,+
3850064,+
4874152,+
4619703,-
2240455,-
4766573,-
2095518,-
2302098,+
4194130,-
4360483,-
1696223,-
1514305,-
383307,+
268121,-
1495617,-
82389,-
4140046,+
2935634,-
4519563,-
55983,-
2073392,+
4183703,-
1584350,-
4620644,-
4147512,-
1772730,+
2673019,+
4519662,+
3684758,-
2131189,-
216280,+
3257360,-
3180054,+
3221123,-
629349,-
1103664,+
859470,-
1299520,-
4374070,+
548301,+
961243,-
1004065,+
660865,-
1477107,+
4782245,-
2530717,+
2907985,-
3000242,-
4115615,+
1506868,+
4218697,-
1513762,+
2825713,-
1339493,+
2936634,+
4720062,+
1192348,+
1360097,-
2096117,+
3305055,+
2215154,+
3447388,-
2021723,-
926257,+
2813599,+
2836271,+
380925,-
1120014,+
518894,-
3813789,+
4413899,+
4477452,+
1579595,-
1127211,+
3655663,-
3825442,-
273988,+
2196305,-
2689765,-
555016,+
1899142,+
2728589,-
2924385,-
3334108,-
4188749,-
1054781,-
4816953,+
192093,+
810612,-
2212737,+
4410211,-
210087,-
1206871,-
2349858,+
767539,-
4597261,-
2988129,-
4778651,-
2623229,-
4612020,+
1261228,-
99745,+
1398537,+
746744,-
1614867,+
2960874,+
2049849,-
4422418,+
3728529,-
86241,+
1662058,+
78691,-
1885596,+
2437388,+
3568313,-
3315584,+
1739951,+
4002032,+
202453,-
723000,+
2274189,+
979471,-
4191913,+
3793065,-
3762545,+
3099933,+
3771737,+
2436054,+
3388695,+
4763468,-
1307054,+
1262858,+
1826278,+
4776803,-
193864,+
2540305,+
2233086,-
2222836,+
3236213,+
1575749,+
3700355,-
3623892,+
2585344,-
3708330,+
2236845,-
2065846,+
405173,+
3673116,-
3186512,+
1070446,-
4121178,+
3310231,+
4137321,-
1360191,+
1893617,-
2108631,-
2784360,-
1586005,-
797281,-
2837614,+
3250983,+
511437,+
4456807,+
2252984,-
1294215,-
4490398,+
1460196,+
728840,+
1383017,+
799437,+
1374389,-
888649,-
3605250,+
122686,-
2440313,-
3818876,-
2846839,-
3568519,+
2546415,-
3913986,-
2602506,-
1350693,-
1130577,+
694829,-
1135779,-
3888086,-
1569047,-
1317857,+
1440427,+
2941858,+
11239,-
1886573,-
1317440,+
1750149,+
253857,+
351589,+
1141639,+
1522165,+
3753757,+
3952139,-
4737932,+
1948923,-
606106,-
263590,+
4724709,+
4781613,-
4105558,-
4410442,+
2073575,-
3206174,+
2763242,+
4437831,-
2343183,+
991876,-
2259102,+
4868670,-
473569,-
3348709,+
4550097,+
934569,-
4330537,-
3340751,-
1708281,+
1355725,-
1000666,+
536013,-
1990616,-
2990632,+
4515169,-
2220568,-
2373069,+
1858147,-
3406270,-
1280358,+
3656120,+
4188887,-
3229109,+
1680652,-
3561160,+
3082832,+
1724651,-
460125,+
4681858,+
2034449,+
821937,+
397739,+
2213967,+
4724425,+
463271,+
3407630,+
3222847,-
975276,+
3317864,+
3642802,-
347762,+
3194664,+
3108266,-
1131047,+
707278,+
1342435,+
319352,-
3282364,-
2273850,-
1009987,+
2587175,-
497554,+
1506904,+
139690,-
1752468,-
3701948,-
986971,+
3576596,-
1225321,+
2519032,+
1414375,+
3497733,+
2269555,-
4092654,-
3142830,+
2657552,-
2801813,-
4016873,+
1924320,-
2555436,-
4731655,+
737343,-
4483656,+
994901,+
3992224,-
2095447,+
3301104,-
565882,-
3176490,+
4565699,-
4117360,+
4061210,+
2511472,+
4862364,-
2576685,+
1628768,+
2271498,-
1555312,+
1325698,+
4185754,+
3574002,-
2784659,-
3503250,+
3189920,-
1703267,+
325163,+
4813110,+
71582,-
4589364,+
3201809,+
4380135,-
2194040,-
3714143,-
1746538,-
4791342,-
4493210,+
520227,-
4294383,-
4307036,+
126860,+
2282573,-
2979975,-
3496457,+
2540098,-
439210,-
2038885,+
1013283,-
1900526,-
3082332,+
1477586,+
1403450,-
1447162,-
1069853,+
1848854,-
3948510,+
3063338,-
1448673,-
3251399,-
3896036,-
3519496,-
874033,+
1580727,+
1535479,+
607195,+
402895,+
1204722,-
1489538,+
1887025,-
3662936,+
3425829,-
685259,-
3772521,-
1820122,-
2955484,-
2908938,-
655987,-
532848,+
2833280,+
1310092,+
1038435,+
1907073,-
1762385,+
1833738,-
1164854,-
1030958,-
2770054,+
1140772,-
299485,-
1843133,-
25849,+
311848,+
4741074,+
3678045,+
130,+
168694,+
2499829,+
118576,-
4098802,-
3868277,+
4475590,-
3793495,+
455464,-
4454587,+
3368569,+
3339099,+
2103627,+
502735,-
3559081,+
3417540,-
4575100,+
1400290,-
4853619,+
724151,+
2586660,+
3334064,+
3503358,-
3001092,-
3400417,-
1443277,-
3086978,-
2098937,+
2244904,+
3758791,+
3313246,-
1265217,+
3578826,+
2132269,-
3174341,-
4331155,-
2864360,+
2795215,-
575052,+
1252248,-
4272692,+
136585,-
2696393,-
682692,-
1940462,+
3603769,+
814630,+
4539335,+
4275459,+
2101889,+
2960148,+
695742,-
2289454,-
2459099,-
3441226,-
2881455,+
2080415,+
344014,+
177015,-
4382529,-
143794,+
3420478,-
1282275,+
4587932,-
4102621,+
4236306,+
3092260,+
365090,+
1928643,-
582498,-
3959108,+
2980155,+
2231520,-
2054588,-
496016,+
430187,-
184036,+
4342807,+
443688,+
3524982,-
3154058,+
2474351,-
631374,+
583496,-
661621,-
1625453,-
2947572,+
3091849,-
985115,-
1404609,+
3278963,-
927716,-
1504848,+
1419545,-
2140771,-
3102254,+
559441,-
4450942,+
968447,+
700727,-
1357577,+
2039460,+
1756422,+
1129305,-
2360398,+
2499209,-
145080,+
826963,-
517382,+
4355422,-
3093085,+
3337454,-
3541744,+
4101413,-
3084792,-
3252489,+
3145803,-
2521791,-
4433007,-
4010079,+
3223012,+
2535523,+
4564366,-
2496525,+
3409779,-
1134284,+
791077,-
4236984,+
875639,-
39715,-
5919,-
3290040,-
4542221,-
4148716,-
241078,+
4448706,+
3630963,+
3992555,+
3927027,-
4504644,+
1736646,-
164105,+
4275731,-
2599741,+
2030800,+
2934479,+
2646618,+
4078578,+
2417080,+
4141730,+
1172402,+
519979,+
741574,+
1446635,+
3165936,+
2962726,-
4136808,-
4728352,-
4425046,-
2848410,+
3497955,-
40694,-
1942989,+
255409,-
1443722,+
4554025,+
4871507,-
154128,+
3401682,-
1399581,-
3779445,+
1910655,+
3377738,-
1494438,+
1126704,-
3707020,+
1872637,-
898877,+
796837,-
4368680,+
2025246,+
25735,-
4555941,-
4135974,-
97637,+
4798790,+
1232314,+
1437066,-
3858244,-
4597808,+
4536990,-
3796967,-
3231913,-
348877,+
2495501,-
1179483,+
1267393,-
402598,-
1445845,-
3509521,+
4259174,+
4069105,-
4452173,+
4157293,+
4583242,+
2033501,+
2651072,+
61416,+
4747814,+
2188628,-
300966,-
2039243,+
767614,+
1304063,+
2965109,-
1222248,+
4563725,-
3712453,+
773413,+
1210506,+
1219872,-
890558,-
2622834,-
582284,-
3032889,-
2836446,+
2537022,-
3080949,-
3380360,-
4400649,-
4877706,+
438099,-
528681,-
1533781,+
2824375,+
3053593,-
344014,-
3321721,-
782607,+
4505168,+
819383,+
1079369,-
2496167,-
2228093,+
1021073,-
3826734,-
614186,+
2957437,+
3847003,-
2973627,+
4675877,+
184176,+
1492068,+
3238477,+
131725,-
4760986,-
914884,+
4371545,-
2410478,+
2435781,+
1869649,+
4474569,+
1078717,-
639236,-
708822,-
1326140,-
3419984,+
3548513,-
4252006,+
3531356,+
1583388,+
1094073,-
2810523,+
4238200,+
3036563,-
2116170,+
2046252,-
1398062,+
1143671,+
4278041,-
3360212,-
520112,-
1350072,+
3066943,-
4367900,+
583045,+
295831,-
4791160,+
2303251,+
421454,+
4852553,-
3662326,+
2316377,+
2857065,-
350218,-
3934684,-
1143402,+
4369967,+
1740572,+
4670125,+
3672423,+
964085,-
3353036,+
292005,+
2760272,+
3718936,-
3746280,-
3250277,+
4683839,-
2242017,+
404154,-
3719875,-
1178269,+
764321,-
1204109,-
4644255,-
1746990,+
3534229,+
3909563,-
4241436,-
3212494,-
4173396,+
3038991,-
3593023,+
4218588,-
2808232,+
589291,-
4209720,-
4563341,-
4558793,+
4273803,+
2710435,-
2226466,-
792798,+
3096753,-
1837129,-
3775924,+
2259992,-
4808011,-
3678765,+
3661339,+
3130355,-
4659878,-
1123929,-
3942663,+
978217,-
1155168,-
3522706,-
3710409,-
1037691,+
3825931,-
3551626,-
3742222,-
2009573,+
2036797,+
85243,+
3396153,-
1556404,-
428864,+
1856104,-
3461062,+
2015076,+
3298590,+
1807873,-
3871866,-
3947272,+
3188994,+
826321,+
4683744,+
776056,+
1468585,-
3078721,+
2301989,-
152759,-
3358995,+
2379088,-
3699904,-
2945576,-
3207996,-
3692909,+
726211,+
4574423,+
1807369,-
3422272,+
1806847,-
3623364,+
2069829,+
4459693,+
4386075,-
2245085,+
3124280,+
2525543,-
840928,+
281041,+
3346371,-
2195140,-
1645362,-
114702,+
4763759,+
3161957,-
3842258,-
1285879,-
3001868,+
2909729,-
4074367,+
1184454,+
3650850,+
4073264,-
3719340,+
2282116,-
214799,-
2281642,-
2319084,+
2145298,+
1450946,-
3134326,-
3254791,+
858085,-
4808228,-
441209,+
4753231,+
2176640,-
1538913,+
1688804,+
3999186,-
1549258,-
882464,-
1461335,+
1728215,+
925232,-
1994125,+
230248,-
2533106,-
2576473,+
3337178,+
4753628,-
2510892,+
2813813,+
2977438,+
1901338,-
3125787,+
2199305,-
4647044,-
4858404,+
3008333,-
3914795,-
3593701,-
1419868,+
1047927,+
1203315,-
3717503,+
3522521,+
586887,-
4309684,+
488597,-
3594703,+
2547354,-
1031901,-
1828954,-
709102,+
1499640,-
91295,-
1116143,+
4124850,-
1618680,-
1049312,+
1456628,-
3793313,+
307183,-
3436802,+
3590614,-
1539749,+
4781768,-
2109651,-
4476715,+
3096946,-
2497889,+
1602671,-
264153,-
85890,+
3503277,+
4191435,+
944555,+
1194816,-
4098032,-
1684768,+
2225501,+
4504940,+
4421660,-
4624360,+
2945508,-
683280,-
3284989,-
1814667,-
4541329,+
2231432,-
707487,-
3333414,+
552730,+
906166,+
848620,-
2070797,-
1166885,+
40611,+
348877,+
3253333,-
4865751,-
843512,+
3879371,+
1478622,+
1411279,-
2915678,+
53880,+
2823448,+
1722043,+
2304540,+
4179388,-
765938,-
2143997,-
2165060,-
3796940,+
4344813,-
920062,-
3949599,-
2634614,-
3293993,-
2908811,+
3464608,-
2432182,+
3882490,-
2021400,+
3815864,+
4536025,-
707503,+
1055680,+
479419,-
3976,+
4397330,-
165951,+
3810747,-
4396815,+
881082,+
3906765,+
1542803,-
1067455,-
945920,-
4353511,+
1482689,-
881338,-
2449241,-
2971110,+
1011722,+
4055828,-
1782411,-
2975712,+
4192846,+
714366,+
961460,-
961647,-
2749693,-
130791,+
1842720,+
120993,+
645999,+
2485658,+
2354469,+
4257363,+
2356033,-
3367972,+
3227055,+
4384104,-
1805107,-
3623660,+
4125368,-
1466808,+
2992652,+
4015061,+
1633608,+
2760788,+
4433336,+
3743615,+
3596741,-
330818,+
3569106,+
3166869,-
3853183,-
1027666,+
4526116,+
3084778,-
502566,-
4282140,-
1078807,+
1732984,-
3231046,+
892130,+
4328088,+
2762466,-
504340,-
2172562,-
4506396,+
2531805,+
4334469,+
519362,-
4392888,+
2156864,-
1277971,+
1109157,-
1229806,+
3703001,+
1839959,+
4141773,+
2651470,-
205344,+
3090561,+
3994281,-
1516459,-
4178456,-
461420,-
152006,-
626609,+
4007281,-
331979,+
2298844,-
1472946,-
814115,+
543566,+
1440072,+
967278,-
4186240,-
2817449,+
3672484,-
2588742,+
932873,-
2328354,-
30594,+
1698810,+
2907440,+
1346644,-
1718438,-
716845,+
2893402,+
2952232,+
842156,+
2733236,-
3346596,-
2662468,+
3269075,+
765655,+
487540,+
3357679,-
2084551,-
4008585,-
4555683,+
2214763,-
4286764,+
3483608,-
307642,-
3699744,-
1123105,+
995948,-
865071,-
101583,+
2339575,+
688701,+
4011102,-
4696909,+
4590080,+
929141,-
4175926,-
1909948,-
135547,-
3768651,-
1556966,-
1698983,-
3152405,-
4770332,+
4793978,-
2797646,-
3344489,-
1225879,-
1417293,+
2769734,-
4576520,-
4863734,+
3916776,-
4618152,+
3384783,-
504755,-
137766,-
2305963,-
1611214,-
24883,+
1449289,-
303479,+
3622214,+
3591518,-
1225516,-
973343,-
2509290,+
1890979,+
552536,+
1704283,-
1386305,-
4742189,-
1920854,-
3323811,-
704361,+
1022716,-
1833159,+
1176851,+
2512480,+
3868747,-
2536695,+
3809177,+
1814587,+
2514505,+
4679247,-
616484,-
632947,-
2836160,+
2121684,-
2222032,-
1603274,-
2242177,+
4324462,-
2221518,+
3405601,+
3257869,+
1263482,+
2799109,+
232640,+
108182,+
1654764,-
2669030,+
1777450,-
4623901,+
1852096,-
840692,-
3187499,-
4061145,-
1472908,-
1690218,-
2948930,+
141686,-
3652243,-
2485284,+
2392955,-
4837415,+
2960517,-
3227568,-
1059178,-
2119262,-
1683896,-
1256370,-
568994,-
1657746,+
43178,+
2142974,+
2917418,-
844808,+
2589223,-
1319807,+
1006740,+
190766,-
1630810,+
4483896,-
4820506,-
3169941,+
1353181,+
715223,-
1300294,-
1109878,+
1966621,+
375299,-
2994855,-
2749992,+
4091418,+
412527,+
4359877,-
4416750,-
4551841,-
2623003,+
4285551,+
1205343,+
4188291,+
2257782,-
3319240,+
3082070,+
896422,-
1360818,-
2423271,-
3704607,+
3608463,+
2095502,-
3985764,-
2544366,-
2049952,-
1000001,+
4724723,-
3006663,-
4255440,-
1188278,+
3700160,+
2269864,+
915225,+
2571328,-
700875,+
137071,+
1738436,+
4860529,+
3756651,+
2227015,-
2027571,-
289210,+
3700494,-
2780165,-
2532032,-
2087939,+
4818484,-
3183473,+
610402,-
2127525,-
683185,+
198096,+
2648301,-
1512197,-
1160539,-
4807843,-
2656108,-
168550,+
2770962,-
3958671,-
544869,+
3609130,+
49854,+
4254673,-
1988520,-
2997142,-
131597,-
3043491,+
2461460,-
2075670,-
3295530,-
2030736,+
3850703,-
1938890,+
590355,-
2312466,-
422042,+
2661443,-
2107673,+
1695041,+
452753,-
3399,-
2373058,-
4737850,-
3075833,+
3998066,+
623115,+
1042451,+
2215234,-
1120179,+
513683,+
3376105,-
1408014,+
3131702,+
4418179,-
2797313,-
1712339,-
2581063,-
1050328,-
848886,-
2440782,-
750468,+
4085242,-
3497966,+
792421,+
3195276,-
3559027,+
3715870,-
94989,-
2351856,-
3993831,-
4598990,-
658091,+
1494083,+
3650768,-
2270755,+
2502833,-
2976230,-
1866336,+
2384342,-
3896145,+
578270,+
3302679,+
2108841,+
1044814,-
3712920,-
1425712,+
3395388,-
2250766,-
4035634,+
1641261,+
4280182,-
694769,-
1262158,+
1390754,+
2014629,+
3518030,+
4732809,-
958569,-
152225,+
3962971,+
4702905,-
569216,-
1408797,-
2484983,+
2830937,-
3396516,-
1571029,-
2472470,-
2720308,-
4046203,-
1943376,+
3836094,+
3079531,+
2646907,+
3683557,+
3384449,-
2662342,-
3250178,-
1519831,-
2200186,+
630496,-
156884,+
1169812,-
1190880,+
2225497,-
306937,+
2284729,+
859758,-
830311,+
2767768,-
4500777,-
4172938,-
3859153,-
2322549,-
1908864,-
4815380,+
2845305,+
1560067,+
2774263,-
822614,-
4459112,+
2282607,-
3594188,-
4819672,+
2817669,+
2895311,-
2722005,-
2211875,-
3171220,+
3613959,-
988486,-
1427918,-
3254464,-
3069316,-
2404210,-
1253742,-
3856860,+
2397519,-
2494610,-
1069036,+
3233498,-
2849247,-
3736322,+
3312849,+
886744,-
3965614,+
2365328,-
2082755,+
4092505,-
1200824,-
2245362,+
178313,-
2441222,+
583668,+
230305,+
4294276,-
1461659,+
2103297,-
3632018,-
2135579,+
2643477,-
3934481,+
4555537,-
4618951,-
899958,-
3761661,-
4779299,-
123649,+
1722041,-
4545874,-
3520369,+
3824196,+
1394933,-
4381308,-
2200296,-
1880342,-
3870656,+
635993,+
2727428,-
774459,+
601980,+
2227031,-
270128,-
1493033,+
3540965,+
936702,+
2351135,+
3103000,+
1927515,+
3764035,-
3506495,+
1728087,+
4077275,-
107109,+
2389598,-
4378854,-
1246291,+
1253020,+
3739345,-
300558,+
2294721,+
1936055,+
4641158,+
3875393,+
2037029,-
3918585,-
2661259,-
1951260,-
3970304,+
3755633,-
2864349,+
325149,+
3689231,+
2691586,+
3117037,+
3675906,+
4412896,-
4524014,+
1251910,+
4590325,-
4409448,+
2488162,+
2925033,+
2146787,+
4870036,+
1209085,-
773917,-
2571772,-
548508,-
1609204,+
3299570,-
2200469,+
1223442,-
513109,-
3410479,+
4641295,+
3395793,+
4304054,-
4386525,+
1107437,-
323142,+
3619464,+
1811041,+
74621,+
1165704,-
1793682,+
2796419,+
2098180,-
787153,+
519269,-
4107378,-
3619045,-
349719,+
210032,-
2063223,+
387461,-
4012760,-
4193677,+
2156273,-
2467690,+
92366,-
4824490,+
3986815,+
4076849,-
1054163,+
2413405,-
4068999,-
1159520,+
94949,+
307291,-
2856836,-
1859784,-
2478861,-
1119494,+
3464740,-
3041734,-
4753078,-
4848452,-
1142563,-
1526050,-
4031402,+
2590892,+
3087228,+
1463185,+
3243166,+
3305973,+
3479090,+
402876,+
4003677,-
3223447,-
2305955,-
2033490,-
568068,-
2567162,+
3117055,-
4228629,+
123370,-
1854249,+
2492539,+
495180,-
1618519,+
2833556,+
93151,+
2284800,+
1437576,-
1365057,-
4107925,+
1111661,+
4526053,-
2306723,-
253514,-
2972127,+
2813163,-
4751047,+
2138516,-
142988,+
3568067,+
139234,-
1822226,-
1421619,+
3215479,+
2343176,+
1829254,-
3284503,-
3067412,+
13976,+
2669637,-
1392153,-
2153086,-
534361,+
1413575,-
1956124,-
1413347,+
3622376,+
4074856,+
2277980,-
1909779,-
873825,-
2642656,-
403614,-
3900248,-
3180323,-
2051809,-
1431839,-
494635,+
3972331,-
1118699,+
1653652,-
859390,-
3653295,-
1740468,-
4208601,-
1668861,-
1616792,-
1700549,-
2299215,+
1617427,-
1481341,-
3836130,-
1704523,-
2620181,+
1296302,-
852805,-
4565338,-
4011414,-
74766,-
1479291,+
4192863,-
4066166,-
3957208,+
2843440,-
3441826,+
1415692,-
1889685,-
3790628,+
292457,-
1680827,-
497719,-
2983513,+
3946516,+
1627471,+
2036535,+
2371341,+
3635442,+
1392276,-
188492,-
2605592,-
2634265,+
3164219,+
442382,-
3736489,-
1716269,-
991738,-
3522029,-
457518,+
4304773,+
1311644,-
2091553,-
1304341,-
84215,-
1917060,+
2200726,+
687195,-
247869,+
3606423,-
668721,+
3136418,-
941081,+
3866146,+
4704470,+
4222555,-
2082694,-
2855891,+
3912526,-
229846,-
3549445,-
1482552,+
2639135,+
3589736,-
4752260,+
818159,-
4550151,-
4101935,-
4851686,+
2974342,+
4009004,+
1131250,-
2144987,+
4160848,-
3591447,-
3592610,-
2799180,+
1764392,-
2206218,-
2759483,-
3896576,-
1214244,-
1858425,+
2798034,+
733816,+
500929,+
1989974,-
1980229,-
2139226,+
4270301,-
1141400,+
1144497,+
14744,+
3924038,+
452459,+
2114450,+
3489252,+
3292109,+
1799729,-
1568150,+
2799762,+
3115334,+
2539861,-
4746337,+
4836454,-
1850050,+
3466851,-
4146896,+
4030506,+
3969893,-
4218798,-
1798254,-
1916171,+
1461083,-
293842,-
4127003,-
289058,-
2443552,+
4498113,-
2825160,+
863469,-
3216666,+
1358343,+
3378517,-
1320829,+
1156349,+
4642624,+
1863605,+
2632141,+
3975061,-
2186193,+
2637420,-
2074165,-
1611705,+
2726395,+
3273638,+
975088,-
4498214,+
2801808,-
4092362,+
3901460,+
2777594,-
98235,-
1251955,+
1366688,+
290969,-
4377000,+
3841685,-
2515544,+
4845544,+
3007466,+
1095860,-
183975,+
3434962,+
3985761,-
2922122,+
1533742,+
292888,-
1542160,+
4372409,+
4522734,+
2683041,+
1162257,+
2560185,-
2277864,-
3278666,+
4218270,+
4293589,+
1756600,-
4850951,-
4419421,+
3896275,+
4635465,-
3213494,+
2726524,-
4385844,-
2542002,+
1056175,+
3606422,-
1169843,+
1726640,+
386009,+
3267607,+
1586660,+
2836742,-
360331,-
1096043,+
993114,-
4872648,+
3778362,-
687297,-
1963961,-
938998,+
3690198,-
833314,+
1549892,+
95507,+
3829460,-
4372991,+
2656162,+
168156,-
2577555,-
2364412,+
3164255,-
2277777,-
4826278,+
3184409,+
1408898,-
2684014,+
200699,-
355348,-
3825802,-
116718,+
1320805,-
4374086,+
1866955,-
1510883,+
4459275,+
1724828,-
346227,-
1520886,+
1727753,+
617707,-
1854070,-
1144392,-
590813,-
4304843,+
4792604,+
851039,-
3301255,+
4678879,+
4494477,+
4102370,+
672441,+
2352571,-
2802465,+
1070211,-
3971021,-
1198636,+
2786290,+
1746928,+
4319585,-
4694980,-
610767,-
4552134,+
4486810,+
510077,-
73992,+
112998,-
2141751,-
1484979,+
2084086,+
2824945,+
3395193,+
2240439,+
135807,+
2983591,-
672574,+
3435640,+
4810344,-
1677873,-
2167670,-
2619563,-
1085943,+
4375466,-
2797808,-
3590644,+
3497932,-
4148510,-
1133790,-
24159,+
992900,-
4783682,+
3971212,+
961824,-
2619548,+
1366693,+
1550971,+
285440,-
213345,-
3115373,+
3300324,+
3923830,+
3554684,-
4377420,+
2342595,+
3253745,-
1465909,+
360395,-
3591661,-
4360932,+
1188671,+
2422041,+
3439226,-
1436630,-
4585189,+
4396507,+
3361368,+
3084277,-
2438779,-
3831587,-
2176331,-
1046178,+
2855083,+
1602573,+
3972524,+
3782016,-
2291859,+
354615,-
3205222,+
185782,-
3781793,+
4635737,+
1314402,+
1338769,+
1775314,+
1586925,-
108336,-
3249127,-
3184438,-
746624,-
4155206,+
1055169,-
4584078,+
4606539,-
2341089,+
3379954,+
849510,+
3179398,-
4218765,+
2645255,-
2826032,-
4487878,-
4776494,-
2344155,-
1916563,+
1636515,+
257055,-
346302,-
1492638,+
4094959,-
4301636,+
3141873,+
1986802,+
2879012,-
3439205,-
1685528,-
1409096,+
4127969,-
3950679,-
3489261,-
4653614,-
2324521,-
3072153,+
4206654,+
4122909,+
2227356,-
2073510,+
574323,+
1295422,-
1500694,-
924332,+
2064615,-
3195518,-
4595173,+
3661051,+
473018,-
2042138,-
1187728,-
1798554,+
3671571,+
3644871,-
1713609,+
2378838,+
3357453,-
4334938,-
4296862,+
2838354,-
511118,-
4283715,+
2264198,-
3495787,+
3197200,+
357261,+
3644820,+
1761592,-
2880622,-
4550180,-
3300338,+
1460355,-
4777638,+
2970384,+
3080605,-
660166,+
2874341,+
4170920,+
2802262,+
1062203,+
4832760,+
1336857,+
4634940,+
818194,-
1643494,-
3162612,+
1336934,-
4124127,-
2296399,-
1585997,-
948780,+
4257190,+
3427082,-
1841387,-
2656358,+
2927686,-
4572831,+
3218079,+
1749905,-
4364310,+
3628446,+
3177547,+
1055195,+
2227352,+
184357,-
434989,-
4124904,+
4419796,+
1284723,-
1562974,-
1914994,-
613384,+
1065273,-
2730615,+
4686076,-
655676,-
1942544,+
4193889,+
784291,-
3249027,+
1587236,-
2756572,-
2635719,+
4683340,-
3974119,-
316628,-
982183,+
1915906,-
687199,+
2073487,+
2999105,+
3685387,+
4126946,+
2604285,-
1019178,+
925212,-
3289348,-
3708609,-
4635503,-
4234183,+
1677770,+
290652,+
3085574,-
460295,+
3286088,-
1363949,-
3493881,+
2812961,+
719786,+
800890,-
338126,+
4851959,+
2934535,-
341119,-
2802308,+
4364366,+
4374382,+
822259,+
4686455,+
2797217,-
740032,-
2799628,-
1056226,+
1097380,+
2546182,+
156871,-
2034733,-
372685,+
112975,+
3940318,-
1785655,+
4376868,-
1586666,-
3344819,+
3944679,+
2320058,-
783201,+
1253889,+
765628,-
2838301,+
3713812,+
1491782,-
691450,+
2264232,+
4655219,-
4853022,-
17577,-
4121532,-
1979786,+
162227,+
3951724,+
4136994,+
2484141,+
1986289,+
2075019,-
1366603,-
3041342,+
1675971,-
3034466,+
259160,-
2993513,+
2953780,-
4222845,+
3300335,-
4293760,-
3971737,-
1233432,+
3162345,-
636423,-
3412792,+
886318,+
1542159,-
4377090,-
2632649,-
1693467,+
4122362,-
2511325,+
1356402,-
4822715,+
1092977,+
4666512,+
1284078,+
2599746,-
3435572,+
556375,+
695368,-
1739390,-
2437536,-
4376167,+
3582404,-
966616,+
3068777,+
1316898,-
1891124,-
2500072,+
3501206,+
4137024,-
3012556,+
3349111,+
118023,+
3067509,-
2800453,+
3383034,-
1677730,+
3871776,-
4377942,+
4041387,-
2148248,-
1292838,+
3854907,+
2364855,-
2798555,+
4344016,-
4831252,+
4344029,-
3141767,-
2900248,+
672449,-
3164298,+
797240,-
3985799,+
800959,-
1265872,-
4221260,+
3592628,-
1062243,+
3117853,-
2526769,-
1009023,-
2516764,-
4745229,-
507556,-
4231415,-
4375294,-
3619381,-
617735,-
1920312,+
2998515,-
3184713,-
1746901,-
1175532,+
2973659,+
4122242,+
84414,+
4595148,+
1855520,-
4726329,-
2930245,-
3322875,+
4238726,-
4079018,+
2933179,-
1734577,-
1382185,-
2240467,+
896404,-
4607848,-
3731164,+
1886026,+
4808128,+
696775,-
1676431,+
2358277,-
4687465,-
4119552,-
1538601,+
2799940,-
4373997,-
3416977,-
3698414,+
4377193,+
2400225,+
3403098,-
906230,+
3896445,-
3943861,-
1851922,-
3042303,+
3322953,-
904260,-
1401624,-
373267,+
3808710,-
2838644,-
1316747,+
4343206,+
3247414,+
869733,-
3536792,+
1564526,+
1693353,-
2783225,-
2934960,-
1764604,+
3344723,+
1168031,-
278185,+
189356,+
1610559,+
3304624,+
2678311,-
368392,-
3701212,-
3593093,+
2922557,-
2948540,-
2111614,+
2639109,-
2992415,-
3554538,-
2061546,+
1218736,-
2276822,-
1600274,+
783512,+
1327311,-
3316562,-
2675289,-
4019548,-
4829558,+
4364395,+
4812604,-
613374,+
289427,-
1715362,+
385874,-
435024,+
2200464,+
2439504,+
3361493,-
2970288,-
3435501,-
4523278,-
1017942,+
2974341,+
2311033,-
1152643,+
4020928,-
1992299,-
3032392,-
3778322,+
2723286,+
2801790,-
3975226,+
884746,+
3807862,+
2138708,+
2799110,+
437202,+
3425575,-
863248,-
3996796,+
2045266,-
4498379,-
4318198,+
4066885,+
2067410,+
249276,-
4272953,+
3434917,+
2246164,-
101359,+
1314298,-
895433,-
1916377,+
2914772,+
3200827,+
794178,-
3123343,+
3115341,-
4238783,-
4418152,+
4731357,+
3314779,-
4191134,-
1495900,-
4672530,+
3857073,+
3213202,-
2893746,+
2082103,+
3361389,-
1914905,-
4221279,+
4335274,-
252969,+
4220403,+
1648009,-
2003115,+
3479533,-
4538917,-
1706701,-
3247234,-
1185465,-
3452090,-
1909416,-
184502,+
4375303,-
1633661,-
533976,+
3481039,+
2797871,+
1764994,+
1648602,+
1867087,-
4752515,+
2081539,+
1384460,+
2833478,-
391193,+
633795,+
2145073,-
1295787,-
1839868,+
293623,-
1837854,+
961146,+
3845005,+
2147091,+
4472111,+
1782010,-
1610450,-
3414190,-
4634915,-
2200496,-
1702823,-
84485,+
385982,-
4125886,+
1440268,+
965598,-
4094936,+
898598,-
2928075,-
2249614,-
854085,+
3289387,-
3213555,-
2705365,-
3497935,+
1170166,-
377937,-
1758237,+
3432074,-
1168284,-
4006740,-
2780549,-
1465928,-
1290271,-
4154296,+
2070130,+
2800711,-
3034345,+
3094532,+
4274217,-
1131837,-
4179647,+
3800157,+
3831638,+
1141254,-
2635837,-
1372480,+
3200704,+
1782643,-
1600269,+
3924034,+
3249117,-
1528087,+
2061336,+
2836152,-
3465462,-
360364,+
1798700,-
4531573,+
575348,+
797220,-
3482301,+
1542819,-
4271774,-
1172710,+
3829683,+
2249694,+
986855,-
3971602,+
86673,+
4373635,-
2261328,-
4752317,+
2970328,+
1365025,+
2868386,-
3985627,-
3869323,+
3442997,+
4562260,+
3245260,+
2968599,+
1285980,-
3272359,+
554888,+
4773017,+
4121948,+
3393431,+
3157246,+
2653892,-
3273709,-
2838589,+
1379647,+
1562835,+
3296905,+
2799901,+
4774098,-
3072142,-
2245594,-
4362771,+
100728,-
2634131,+
1730589,+
3443128,+
514554,-
678758,+
3998860,-
2549261,-
3914460,+
3192037,-
2705470,+
3998852,+
2818714,+
116116,-
719901,-
101417,+
1709542,-
1338952,+
2073694,+
3229887,+
1602567,-
4218384,-
711365,+
2953455,+
2896824,+
2511374,+
4092359,+
1965197,+
865829,-
4296020,-
468072,-
2313871,+
4491793,-
1739350,-
941085,-
437077,+
2039839,-
429503,-
2577601,-
978869,+
1766644,+
4122836,+
3602746,+
1517805,-
2398081,-
1377438,+
2618572,-
2605615,-
521749,-
3336912,+
291503,+
1199743,-
4655407,+
3706182,-
788290,+
4163284,+
3784491,-
4830760,+
4778956,-
1263769,-
3571171,-
1290124,-
4121790,+
1186838,+
4498668,+
3212481,+
4103126,-
184393,-
4665698,-
3992722,-
886389,+
4377253,+
2062401,+
3914679,-
3411631,+
3164244,+
4859482,+
4534889,+
2068993,+
1271542,+
2526645,-
3857551,+
2288957,+
1288762,+
701430,-
2954818,+
619788,+
502463,-
1922373,+
2905493,+
3213324,+
3974979,-
1803609,+
1512148,-
4523501,-
2682143,-
3493793,-
2638760,+
2398099,+
1629041,-
4635830,-
3434765,+
3837742,-
3564878,+
1766239,-
3749155,-
4122376,+
2581203,-
603271,+
4617650,+
2801820,+
2341559,+
84968,+
993051,+
3479544,+
886397,-
1515636,+
3200800,+
2200883,+
2231214,+
932985,-
2904514,-
3268663,-
1909506,-
1200997,-
2042297,-
2705580,-
3972996,-
4678975,-
4415667,+
3072170,+
1702792,-
4162506,-
3215070,+
3198809,+
4631041,+
3986935,+
4767529,+
2044649,+
4745187,-
373440,+
1584674,-
2635312,-
1979991,-
2618684,+
3417085,-
1010591,+
1284511,+
1327299,+
526883,+
2798649,+
1788930,+
3490018,+
351046,-
2993012,-
3291973,+
704301,+
4572996,+
623518,-
3849417,-
4256176,+
2634603,-
1242226,+
2981858,-
1345919,+
2439082,+
2691212,-
373614,+
4372952,-
4789669,+
4218804,+
737305,-
3992584,+
2024836,+
2148233,-
3886012,-
4162587,-
1648075,+
2522851,-
1912454,-
2928568,-
3463021,+
95279,+
3268685,-
2044949,-
4056376,-
3971505,+
95117,+
3094022,-
216877,+
3642644,+
3962381,+
4726390,-
220781,+
2893845,+
2200386,+
913948,+
1586763,+
1287478,-
2972295,+
2637583,-
4869481,+
978713,-
1087160,+
1372317,+
3593008,-
797007,+
2763086,-
3482182,+
943841,+
4248659,-
836485,+
1321980,+
4312505,+
4221321,+
338758,+
4454260,-
4236957,+
4418706,+
2653913,+
3568393,+
590534,+
4218739,-
3321047,-
3415550,+
1996645,+
97903,+
1893570,+
1604599,-
4789212,+
3592050,-
945513,-
1001844,+
4470548,+
3930861,-
84513,-
4417788,+
613435,+
3647962,+
4335637,-
937566,+
2786945,+
3782887,+
2670600,-
3077110,+
3356655,+
1409055,+
290076,+
2587186,-
524041,+
1495783,-
1153689,-
906146,-
2093831,-
4679024,+
1803870,+
4324738,-
3336901,-
4752371,+
4861599,+
1997189,+
3417068,-
1331664,+
4376334,-
3435017,-
540330,+
545300,-
2071899,-
1854116,-
24153,+
4523227,+
4830730,-
1381871,-
2800539,-
2329722,-
1872063,+
981620,+
3515550,-
466723,+
1613131,+
1586539,+
1471579,-
2798744,+
4725667,+
1764349,-
4498892,+
3253949,+
3671614,+
2061745,-
833436,-
1024487,-
4364333,-
2437600,-
3201018,+
1339009,-
968453,+
4220246,+
4625497,-
1468089,-
1915238,+
4698557,-
2905630,-
4067144,+
1837761,-
2992478,+
4066375,+
4598854,+
1436568,-
3762965,-
920864,-
350869,+
2064591,-
1136307,-
934522,+
3914676,-
3551251,+
1432873,-
4122202,-
3691907,+
4656881,-
4749664,-
1072794,+
1294272,-
2324494,+
2463177,+
4170474,-
3999119,-
3993735,-
4396627,-
429631,+
3940310,+
4102420,-
1495754,+
3947249,-
1615886,-
2039607,+
2838739,-
4498130,-
1286632,-
2620507,-
3184724,+
2036747,-
3403168,+
748728,+
1515513,-
1996544,+
4713028,-
866030,+
85389,-
4440104,-
341524,-
4123956,-
1204655,-
3822166,-
1599451,-
2715287,-
341450,+
569208,-
2816729,-
3438915,+
3214529,-
4419225,+
2288851,-
4454200,+
184778,+
3452144,+
1398655,+
2983528,+
4396486,+
4125980,-
2938842,-
612146,+
4778863,+
2908530,+
3116249,-
3801687,-
296825,-
1399139,+
4006529,+
1919019,-
3536721,-
623602,-
4124272,-
2763648,-
738159,-
419667,-
1388741,+
933011,-
74872,+
2512053,-
1125340,+
2798674,-
4077583,+
2495694,+
1284803,+
3766129,+
4794110,+
2934691,-
3557358,-
2715190,-
4220317,-
3340173,-
52590,-
4222600,-
1552658,-
3004085,+
807582,+
1949317,+
3032465,+
1652509,+
3515300,-
3248994,-
1044952,+
3684977,+
1679383,-
4092207,+
3222635,+
4534766,+
2526581,+
986814,-
4859523,-
1889462,+
1798457,-
2930178,+
2374332,+
2029075,+
3271867,-
229810,-
1541803,-
3907029,+
1131461,+
1070241,+
358985,+
1874626,-
1919379,+
2825202,-
1136301,+
2951954,-
4125103,-
2138896,+
1980231,+
3551419,+
3452132,+
2312157,-
3213342,+
4369233,-
1541435,+
1493143,-
4794032,-
3892047,+
4376846,-
4377459,-
3412797,+
1317228,+
2026338,+
1832674,+
3007501,+
1014874,+
4584085,+
4463805,-
1359929,+
1092983,+
1103137,+
4499028,-
2495096,-
3380482,-
4831365,+
183908,+
3108973,-
2789488,-
528484,-
527593,-
3693241,+
4704465,+
2485579,-
1551237,-
2705350,+
4440116,+
2896945,+
4110792,+
2580022,-
2352002,+
2200496,-
1792453,-
2672746,+
2896876,+
2037332,+
4461299,+
3143562,+
168230,-
2879066,+
2991137,+
2993195,+
1749901,-
4227310,-
3191864,-
4123568,-
2329184,-
2777618,-
3117878,-
4372486,-
1318596,+
318620,-
1910318,-
377713,+
4615960,+
3280615,-
3420189,+
4417037,+
1292964,-
1749882,+
4205063,-
3414034,+
927796,+
4415692,+
3636327,-
2013424,+
526782,+
2798414,-
2111554,+
4287854,+
3923952,+
1949083,+
4772789,-
1401546,+
3186963,+
58751,+
4221146,+
1061379,-
1939956,-
2999400,+
638330,+
2969541,+
231263,-
2082665,-
590713,+
4801240,+
4749578,-
3197159,+
2929444,+
2285616,+
5024,-
2605652,+
2744684,+
3203899,+
1508078,+
4783506,-
2526650,-
3588469,+
4020946,-
590646,+
3839236,+
4498849,-
4617762,-
3116307,-
3352047,-
4119576,-
4530595,+
4384320,-
2949015,-
1232259,+
617493,-
1713541,+
1913055,-
2905486,+
696567,+
2134978,-
3215542,+
511093,-
1872626,+
1044258,+
981549,-
2838542,+
3749919,+
1949511,-
4607751,+
1253453,-
347320,-
2922029,-
4081223,+
4072488,+
2633295,-
347651,+
1680615,+
945459,-
4563467,+
2470390,-
3647919,-
1328642,+
2344165,-
2970822,+
2416461,-
3479358,+
4573070,+
575382,+
733877,-
1910800,-
668698,+
1956204,+
1562773,-
3336822,+
4836156,+
4397991,-
1512465,-
2916902,+
1359185,-
3849381,-
3709937,-
3844606,-
52199,+
1769507,+
968425,+
2081448,-
3844415,-
4850215,-
1908042,+
2069131,+
1676220,+
1600829,-
3441042,-
3357613,+
1679921,-
3042151,+
4416548,-
3004055,-
3636985,+
1647960,+
1604478,+
93950,+
3464839,-
1055107,-
3849497,+
4487880,+
164049,-
2683987,+
4381678,-
52583,+
3808804,+
4121262,-
3813035,+
4119952,-
1403310,-
4830728,-
2638418,-
3340275,-
4369439,+
2992590,+
800796,-
1087148,+
2637511,+
2992788,+
1509367,-
88371,-
4319563,+
1154981,-
560033,+
2458113,+
23092,+
2730412,-
795278,-
737924,+
1937179,-
1703977,-
3482175,-
291160,+
3289367,-
3869349,+
2758945,+
3485930,-
1492878,-
2973645,-
945786,+
3590027,+
2623750,-
3117874,+
3117902,+
3012602,+
1133720,+
3280577,+
3273828,+
1854075,-
1060789,+
1242464,-
3901785,-
1586030,-
2634737,+
4248641,-
1185446,-
4642713,-
811898,-
1141238,-
2938353,-
2033353,+
2798290,+
2830766,-
4418104,-
2635561,+
2045474,+
1099813,+
807908,+
1769460,-
1131855,-
4218310,+
3474106,-
4597523,-
2041655,-
1401524,+
2954907,+
2064812,+
4019521,+
4862011,+
4312494,-
1912367,+
3998919,-
372472,-
4565095,-
1914662,-
2682133,-
4231346,-
2502483,-
528598,+
4217642,+
2988576,-
184942,-
3593272,+
4258152,-
4526262,+
3142136,-
3860849,+
1066203,-
3138690,+
3999767,+
84969,-
4193816,+
672566,+
2139229,+
1399494,-
2758075,-
84698,-
1676202,-
2352520,-
1512325,+
1909338,+
4523601,-
3262435,+
693104,-
84998,-
4220002,+
329469,+
4498263,+
941204,+
4377658,+
765719,+
1948351,+
3857578,-
1066261,-
797086,-
1159903,+
2343950,+
2929630,+
3972073,+
2244065,-
4335178,+
3644859,+
1708010,+
3472139,-
2638515,+
2000613,-
1739351,+
3229921,-
3361418,-
1759895,+
1125373,+
574274,-
4384409,+
464772,-
3624213,+
2228825,+
3482362,+
4356673,+
2502244,+
1267228,-
2632734,-
291347,-
3322470,-
3664326,-
2999294,+
1581620,-
3549157,+
3955069,+
2904251,-
3138410,+
162194,-
180992,+
1550037,+
2076448,+
3801468,-
2529606,+
1307387,+
3729881,-
1592813,-
414992,-
2526852,-
3259292,+
349138,+
4330564,-
2305305,-
33155,-
2950495,-
230306,-
4784045,+
1809431,+
2634463,+
924121,+
2819984,-
2648746,-
3588332,-
4463257,-
3243824,-
2082902,-
389539,-
993775,+
808888,+
1948724,+
4375803,+
361981,+
3657197,+
808478,+
4125457,+
4301230,+
715931,+
158633,+
1584201,+
2061825,+
2425157,-
2819993,-
121476,+
1000275,+
4774366,-
3072823,-
1810166,+
3162797,-
3698042,-
1185864,-
2247324,-
3232798,-
811865,+
1180439,-
4598986,-
274110,-
3974751,+
1948554,+
1914011,-
1302547,+
1583952,-
1399572,-
2145167,-
2061652,+
3971296,+
2974367,+
3141907,+
2730958,+
3849697,-
391845,+
4687425,+
1284147,-
581877,+
777328,-
3215210,-
2730175,-
4585126,-
617335,+
474088,-
969496,+
156880,+
1677815,+
4580417,-
4584112,+
1917053,-
38694,+
2533506,+
1175358,+
4219680,-
2371371,-
3643542,-
1051805,+
2514995,+
1186864,-
2313915,-
2638754,+
3972540,-
3482516,+
2078773,+
3206585,+
1739302,-
945794,-
3414132,-
2298076,+
1284512,-
1227725,+
95658,-
4580488,+
2436038,-
3962374,-
3013361,+
2860771,-
4681895,+
1398553,-
3290806,-
2929938,-
4344096,-
3631278,+
292996,+
3291948,+
610802,+
3116218,-
1544677,+
1465921,+
4440554,-
3215385,+
240557,-
3857664,-
4473310,+
1062340,-
3548081,+
4069524,+
1810106,-
2894324,+
1716311,-
3661132,-
3271960,+
783422,+
323176,+
4220174,-
4459076,+
533143,+
3198807,-
1954477,-
121593,+
538413,-
4435248,-
2685203,-
3041946,-
2802461,-
1771060,+
2999334,-
3974225,+
257143,+
2953169,+
1171561,-
2968500,-
184948,-
3216687,+
2904297,+
4020849,+
2635918,-
1599377,+
184416,-
4566621,+
4167552,+
1658576,-
4110673,+
3068625,+
4263049,-
4374669,-
1066447,+
2637276,-
1854075,+
350909,-
85052,-
3550126,-
293943,-
1043654,+
373181,+
2902744,-
4731322,-
3271949,-
497824,+
1676661,-
2756602,-
1986310,-
1401709,+
2885512,+
1601651,+
1317008,-
3035717,-
3971790,+
2650720,+
3249094,-
4420878,+
2401563,+
2808621,-
3706165,-
4219417,+
2799099,+
289063,+
4794340,+
3412764,+
1282641,+
350419,+
291201,+
2064651,+
3737685,+
3191650,-
4812381,+
2186156,+
3593198,-
4373972,-
2062463,+
4419057,-
1177844,+
2938355,+
2786864,-
4417876,+
289806,-
4837188,-
336275,-
1985383,+
614102,-
1630691,-
1308576,+
288121,-
2068911,+
211494,-
2307558,-
1114178,-
1185004,+
4121841,-
3334978,+
1671591,+
293686,+
3849332,-
1113880,+
4810598,+
850942,+
2719690,-
2400197,+
4756085,-
3069906,-
4552209,+
1186862,+
4569764,-
2000713,-
4681817,+
3731336,+
2244068,-
3307644,+
2037045,-
3164153,+
2798439,+
1099744,-
4386490,+
3648018,+
2250280,-
4616805,+
2619200,+
1285007,-
4864140,-
2075932,-
1998040,-
4304886,+
4219008,-
1810344,+
692637,-
2799314,-
1089276,+
3191548,+
2487592,+
4419690,-
3247307,+
3736687,-
4415604,+
3685289,-
2636963,-
1993207,+
4569776,-
4324792,+
961149,+
1732948,-
4162464,-
2819721,-
662881,-
4776830,+
765537,-
31212,-
2759309,+
3642622,+
2824805,+
1476658,-
2900407,-
1980238,-
4692951,-
359637,-
1066221,-
4418454,-
2970793,-
2938225,+
3013353,+
1851888,-
3186988,-
4257173,-
4586558,+
4217392,-
2730323,-
1287907,-
2885001,+
4876928,+
1921011,-
2908308,+
4327020,+
2091695,+
2042180,+
3337541,-
4217593,+
3035855,+
2075742,+
1141354,+
4403891,+
1288466,+
3980967,+
3510281,+
2705620,-
617674,-
1289785,+
1170054,+
3657688,-
3588683,-
3592714,-
1984555,+
2040396,-
155655,+
1907627,-
3687984,-
2863765,-
4752328,+
3943866,-
113061,+
2988620,+
1308899,-
4675309,+
957986,+
896686,+
1679966,-
4122855,+
424152,+
2269431,+
2312154,-
756492,+
436376,-
4136969,+
2531004,+
4296940,-
1288424,+
4191115,-
2042219,+
2672652,+
3343744,-
4602043,+
3515936,+
2808643,-
4015993,-
2326202,-
4234118,+
291905,-
2082978,-
2548253,-
4256171,+
4218762,+
4335370,+
4675007,-
293198,+
635412,-
2072118,+
1542473,+
4585470,+
1615151,-
1462467,-
2999337,+
2638791,+
2670573,-
850979,-
756536,+
2450828,-
2777574,+
4116898,+
1875283,-
4695326,-
33131,+
2549287,+
643304,+
4123012,-
3603434,-
435058,+
3682004,-
2319867,+
2836164,+
500436,-
3720202,+
2798208,+
1322026,-
2838254,+
4100646,-
4665780,+
2254059,-
808338,+
175121,+
3114881,-
444378,+
2421482,-
4162930,+
2079781,-
3321281,+
1562900,+
4146849,-
4418011,-
2973694,-
3876793,+
4856337,+
2064737,+
4537064,-
3094390,-
1713511,-
3384727,+
2400754,+
3999199,+
1643465,-
3395120,-
4019347,+
1787606,+
4217716,-
296872,-
4041345,-
4875070,+
1676216,+
3041455,-
1788972,-
2896471,+
4339929,+
1428114,+
4523613,-
1033966,+
2635743,-
1416210,+
3375083,-
184931,+
4718424,-
929242,+
4420025,+
2082050,-
2905801,+
3681890,+
3509518,-
3124317,+
3357480,-
643331,-
680321,+
4130177,+
3438853,+
812346,+
3434249,+
2499882,-
1703829,+
4126778,-
3986894,-
1471907,-
4418388,-
201366,-
2245457,-
2756495,-
2914917,-
3779661,+
2114251,+
4173202,-
4717553,-
3969839,+
2672837,+
3891986,+
372487,-
1819294,+
4783955,+
3304369,+
2594682,+
740067,+
3804150,-
3304745,-
3989106,-
2639531,-
3483022,-
293273,+
3510263,-
1177840,-
4793927,-
1359965,+
1888794,-
3642666,+
1316792,-
4573002,+
1773591,-
3145953,+
1849940,+
4736241,+
4118985,+
1072799,+
3688253,-
2250257,+
3018181,+
3650400,-
185847,-
2091478,+
240530,+
1646799,-
781765,-
1320737,-
4119483,-
347607,-
1907598,+
3370772,-
3072843,-
1914759,-
992943,+
2245989,-
2480066,+
1782050,+
4420697,+
3116585,+
1572078,+
952368,+
3000770,+
783347,+
4375631,-
2146122,+
2820233,-
4830819,+
4783586,+
1727791,+
437527,+
2364520,-
93884,+
3588633,+
783714,-
2225162,+
2576839,-
612060,-
2139267,+
1208607,-
2999391,+
3483014,+
2650680,-
1702719,-
2927955,-
2920127,+
704310,-
2522913,-
3943928,-
2231479,+
458238,+
1284768,-
1766283,+
4222595,+
2549359,+
1602314,-
3439034,+
725990,+
1316735,+
2634646,+
1345265,-
162188,+
1866363,+
3844478,+
1888826,-
2158604,-
1508128,-
1960125,+
3067838,-
2889989,-
3393463,+
4277422,+
3829445,-
2036433,-
1910415,+
2600600,-
4085948,+
1186676,-
1124844,+
2625209,+
2244793,+
88306,+
359169,+
3321074,+
3841692,+
542359,-
2999395,+
3213195,-
2633717,-
293215,+
4090231,-
73891,-
2874316,-
329614,+
75287,-
2524226,+
4220500,+
1285938,+
4330238,+
507496,-
1368201,+
351142,-
4720048,+
2970203,+
1997171,+
1347916,-
704236,-
3618068,-
3634071,-
797178,+
3273870,-
2289033,+
3844471,+
2437786,-
2437537,+
3593804,+
4415602,-
783644,+
1865919,+
694347,+
1320961,+
3691667,+
2312023,-
1097539,+
3213642,+
4585271,-
1317250,+
316730,-
2639103,-
288073,+
774181,+
4631016,+
116542,+
545416,-
4439029,+
2983601,+
528532,-
3206509,+
2409322,-
993845,+
4116861,-
4219805,+
2813086,-
2245419,-
3089084,-
4057944,+
1466968,-
4232484,+
3915035,-
1584252,+
3077107,+
4274230,-
4293678,-
1359088,-
4794155,+
311016,-
2499407,+
4122962,+
1294257,-
2013488,-
3607216,-
3028853,-
3312447,+
812362,-
637220,-
2364317,-
696488,-
2503553,-
4631629,-
240510,+
2797095,-
3198864,+
2070120,-
11441,-
2797308,-
3998834,-
504905,-
1444325,+
2594904,+
4666425,+
4784060,+
1188262,-
3588696,+
1285957,+
2802419,+
3156820,+
818241,-
2364388,-
4583957,+
929560,-
4573058,-
4695342,+
2789010,-
4483680,-
1601628,+
1399796,+
2495071,+
4418710,-
1662317,+
1015015,-
4195311,-
2040015,+
3034544,+
1959942,-
4193841,+
451017,+
1450140,-
1984798,-
3033452,+
1368293,+
4217384,-
3192011,+
1327650,+
3069855,-
3892032,+
3229513,+
2633850,-
3022210,-
2798642,-
4650772,+
4440660,+
209230,+
925407,-
3459422,+
2439699,+
754738,-
1557975,+
4550081,-
783602,-
2065294,-
909623,+
2775727,-
2111572,+
1610522,-
2798725,+
3933040,+
4125678,-
1131508,-
1633652,-
4678674,-
998049,-
3075475,+
1590100,-
4193628,-
2075851,-
4119688,-
2928977,-
2927932,-
3590562,+
2836187,-
4334967,+
2928171,+
692639,-
2922497,-
3400715,-
993150,-
4121780,+
95283,-
4121073,+
957091,+
1103205,-
3123152,+
982451,+
1825901,+
4615329,+
4545742,+
2988667,+
4207538,+
2893493,+
1169853,-
2760486,+
3262346,-
1436809,+
1384602,-
2862481,+
898719,+
369854,+
1046256,-
464704,+
1680658,-
1479164,+
4304833,-
933283,+
3213416,+
2893437,+
1643478,+
1585734,-
1406865,-
4232507,+
715910,-
1709446,+
2757938,+
1749875,-
2091017,-
337906,-
3242789,+
1954471,-
2585409,+
2211612,+
4082045,-
2922364,-
3116821,-
2838292,+
2436031,-
3618127,+
1949851,-
557399,+
4359630,-
2983209,+
1230418,-
288153,-
805193,-
3773069,-
1630703,-
3972190,-
2439172,+
4269426,-
1809624,-
3841894,-
483656,-
1996839,-
841035,-
2648818,-
424282,-
3571328,+
2384128,+
464651,-
3579030,-
4783961,+
3515295,+
4186014,-
289550,-
3442138,+
2139146,+
2789558,+
1624226,-
4000800,-
1224354,-
655742,-
1436775,-
346249,-
812400,-
873396,-
2800932,+
1265811,+
2044705,-
4375895,+
1086600,+
1265811,+
4396420,+
1610551,-
2726581,-
4665746,-
3691901,-
576032,-
2034150,-
292394,-
2930232,+
832587,+
4822789,-
3242780,-
1318638,-
397967,-
4498479,+
3068697,+
3322738,+
1785675,-
786687,-
1996725,-
3216746,-
3637054,+
4376918,+
695447,+
2206225,-
2884614,-
4344032,-
780740,-
3782819,+
1287947,+
3479021,+
3379212,-
4636072,+
2425087,+
1338719,-
93869,-
576013,+
3592690,-
4348687,-
4665659,+
696497,+
1572171,-
2534434,-
3069293,-
2245392,-
4126898,+
2800819,+
190064,-
1085929,+
198197,+
4020806,+
2421196,-
2312244,+
4262972,-
1436664,+
982552,-
4662118,-
4376908,+
3099217,+
626547,-
2061789,-
1368444,+
1043430,-
483563,-
4055457,-
2387775,+
2838445,+
4297028,+
4801297,-
943660,-
2200920,-
4375140,-
369834,-
368341,+
2112043,-
4407907,-
2728251,+
436392,+
3766119,+
458246,-
1492658,+
1287626,+
359507,-
2696105,-
4593043,-
3070740,+
3531357,-
3557251,+
4546613,+
3121865,-
842116,-
2131925,-
1769466,+
4655160,-
781707,+
3729768,+
4376079,-
2895198,+
3511855,+
3123584,+
3926611,-
4751386,+
3028930,-
3589480,-
1331634,+
4330190,-
338077,+
2083989,+
4590052,+
1769381,+
3515608,-
1288371,-
3985613,-
4759348,-
4498718,-
2324098,+
2618750,+
1399034,-
316006,-
2044944,+
3318122,-
1311654,+
4224595,+
2637950,+
2576646,+
75796,-
225935,+
4385631,+
3917832,-
1392210,+
4373238,-
992918,-
4773985,+
4343943,-
1202535,+
3940452,-
1462363,+
3108954,+
1958424,+
1001728,+
384520,+
4674972,+
2950820,-
3042369,-
1293085,+
3201058,+
3338271,+
1055112,-
3947922,-
4328298,-
3845103,+
3410816,-
4492741,+
1727790,-
4617042,-
3316718,+
3072849,-
1867024,-
4289802,+
4845573,+
1912490,+
819311,-
4635827,-
3466824,+
1285961,+
836467,+
811793,+
555425,-
3378549,-
818342,-
4616950,-
1161286,-
3368003,-
3974532,-
4731642,-
2296580,-
3986843,-
2619401,-
1706787,+
3971493,+
2561724,+
389604,-
1809284,+
818728,+
744401,-
842050,+
1170334,-
1600754,+
1093003,-
3013427,-
291673,-
4219012,-
1765162,-
3733419,-
4163126,+
3980731,-
2515506,+
4525601,+
2801714,-
2114235,-
4071686,-
190104,+
1119337,-
3592837,-
2905736,+
2264341,+
1993197,-
1392312,-
2240418,+
947402,-
2672422,+
1847237,-
1071308,+
3415594,-
1548641,+
4826589,-
621260,+
2620426,+
4457343,+
756475,+
3661072,+
3311233,-
533131,-
1922064,+
432526,-
548439,+
3876919,-
2819833,-
2632849,-
3971066,-
341119,+
818471,+
4384382,+
2156888,-
2061433,-
215368,-
230384,+
2247358,+
680342,-
3975041,+
3418563,-
2096111,-
3425524,+
2312022,+
4645528,-
4301255,-
2799264,+
1889319,+
1992829,+
1290089,-
3586810,+
4126990,+
3551300,-
2249661,+
3435733,+
4381081,-
2755845,-
360449,-
2002272,-
1756531,-
4072629,-
2064870,+
4776684,-
3450980,-
3944718,+
4366907,-
500911,+
4617113,-
2026251,+
3312279,+
2035046,-
1398210,+
2474401,-
3901458,-
4836249,+
4385718,+
780667,-
230495,-
2950609,-
3866084,+
790119,-
3986587,+
3869339,-
3114575,+
2081682,+
122504,-
4366894,-
1054973,-
1007362,-
1617500,-
3474146,+
4373469,+
2112031,-
2456682,-
1588802,+
4675855,-
2938517,-
4121946,-
3619622,+
1912352,+
2417375,+
3735349,-
4875301,+
777387,+
1582817,-
1071378,-
4606556,+
1288025,-
4173115,+
2780758,-
4537309,-
1554903,-
2041778,+
3587445,+
4679064,-
2244772,+
209043,-
2801332,+
765155,+
435051,-
3986768,+
4381364,-
3418567,+
4074692,-
292560,+
2929080,+
679350,+
2073130,-
3205519,+
2075705,-
4704390,+
3587812,-
4318157,+
3564926,+
1984576,-
1274069,-
2780553,-
1648806,-
4551457,-
368323,+
3755774,-
4221048,-
2798313,-
1192520,-
807431,+
4416076,-
9954,+
1529028,+
2576775,-
3099273,+
4734751,-
1914168,-
2930124,-
4356682,+
2948980,+
116378,+
1860840,-
3203938,-
4873368,-
4123529,+
2670478,+
2335345,+
906187,-
2922607,+
2759550,-
4581170,-
1872709,-
553031,-
1310944,-
1912300,+
4810560,-
4311700,-
3412922,-
1291365,+
4162872,-
4384377,+
2908188,+
728281,+
3588259,-
3370761,-
1180526,-
347556,+
3253737,+
2088710,+
101364,-
336232,+
1685450,-
893996,-
2312005,+
735354,+
370088,+
4794214,-
1224470,-
352053,+
2329148,+
4223079,-
3749969,+
4273092,+
2530044,+
2003769,+
84614,-
1922401,+
4523282,+
854135,+
1802754,-
3811594,-
138066,-
368453,-
4718469,-
1889611,-
1162205,-
4457397,-
2342990,+
4675968,-
4110870,-
4429494,-
528645,-
1305978,+
1912434,+
4440098,-
1401956,-
2971384,-
549818,-
290955,+
4381502,-
3489195,-
3641156,-
4717582,-
1724843,+
3815050,+
1782136,+
1550136,-
2755725,+
1865228,-
4448650,-
2363101,-
2801928,+
4125114,+
337858,-
2632830,-
603150,+
643339,+
2522969,-
1841521,+
4020904,-
3007637,+
507513,-
2767783,-
4627003,-
1542006,-
1311699,-
797085,-
669684,-
4828623,-
4218196,+
473020,-
670508,+
230322,+
4222868,+
570447,-
1771077,-
3241697,+
3671421,-
1392361,+
4801194,+
3576288,+
4416889,+
1756711,+
3438052,+
2757963,-
1122643,-
2825707,-
1371563,-
4830804,-
342203,+
3896313,-
2034896,+
1291331,-
704359,+
3859027,+
3661060,+
2580013,-
1563070,+
4221541,-
2020567,-
1228205,-
1581653,-
1643628,+
2516650,-
2800103,+
4019620,-
2802465,+
1041521,+
2953573,+
2039642,+
84523,+
1288822,-
2438925,+
230436,+
552951,-
3222618,+
4448841,-
2950790,+
909603,-
3688263,+
738335,-
1810524,+
4767526,-
2639281,+
355426,+
2250901,+
291056,-
1320877,+
1949982,+
2610662,-
1046310,-
1398672,-
966611,-
2799058,-
1310458,-
4687446,+
1789557,-
2780463,+
4296951,+
294287,+
3749065,+
1325464,+
729429,-
1512052,+
3588390,-
4672524,-
4591495,+
2357411,-
3071214,+
4075058,-
3099428,-
4630984,-
3216744,+
229746,+
4546604,+
2003270,+
3955037,-
2914805,-
3729768,-
230502,+
1199741,+
4277366,+
4335241,-
4415402,+
3488890,-
2092065,-
2878694,-
808198,-
3624285,+
559967,-
1716137,+
1295702,-
2800498,+
289869,-
2335463,-
1730649,-
4774374,+
1941534,-
3034407,-
1007411,-
3184811,-
3972009,-
1430976,-
699104,-
10045,-
2279029,-
4375882,+
4219160,+
1685291,-
3288180,+
3869301,-
2718423,-
1721073,-
4140472,-
4219526,+
1987830,-
4781366,+
4776513,-
397845,-
4222894,-
672425,+
3124282,+
1356454,+
526290,-
978245,-
717568,+
4471855,+
2071993,-
4162898,-
4387205,-
783439,-
3845298,-
4154299,+
3177556,+
44207,+
1834591,-
897475,+
4635883,+
3206505,-
4276493,-
1049512,+
3736491,-
3325066,+
2927875,+
3766163,-
623520,+
4000861,+
1760947,-
4751808,-
2783225,+
2039880,+
1715369,-
3892047,+
1208560,-
2473590,-
1676336,-
1075675,-
1539012,+
3914927,-
2894387,-
2930035,-
2631460,-
3462907,+
1633874,+
2728667,-
4027123,-
4583983,-
4876929,-
3387604,-
3232419,-
3253816,+
4740991,+
466951,-
2982011,-
3275479,+
4851934,-
3116826,-
2521045,-
1772643,-
2160114,+
638367,+
293537,+
436421,+
2091650,+
4826700,+
729368,-
1236570,-
1192475,-
4173454,+
2415033,+
4417428,-
3380464,+
2285764,-
4774091,-
765359,-
2728973,-
667431,-
1916931,-
2374154,-
3890953,+
1469223,-
4246349,-
2245960,+
3749221,-
3219115,-
672331,+
1506391,+
1648667,+
1676611,+
4218183,-
2796915,+
3203285,+
3355128,+
1267276,-
617884,-
355498,-
1889333,-
993192,-
4126962,+
3109019,-
3383201,+
1368861,-
4066836,+
3213504,-
1737193,+
2250205,+
1345357,-
621158,-
3122940,-
1291442,+
2437492,+
3215268,-
4130192,+
1592833,+
229871,-
3379374,+
783924,-
4675892,-
2513331,+
1174456,+
3026268,-
2938705,-
4373969,+
2587220,+
3438961,+
4374221,-
1798363,+
1920410,+
964106,-
1314423,-
2922502,+
2572833,+
2838491,-
2934686,+
418352,+
3801763,+
1495659,-
3443027,-
2798296,+
3591589,-
3972613,-
4663792,+
3964064,-
4277349,-
4218382,-
1919650,+
2824928,+
3698345,+
4140805,-
1655099,+
2825062,-
424374,+
3896531,+
1889600,-
4859450,-
101388,+
2747751,+
4287945,-
1013950,+
3992649,-
4416158,+
4423071,+
808403,-
292707,-
3627695,+
3573370,+
1850180,-
3392153,+
3482306,-
2928523,+
668447,-
3229430,-
4635537,+
4467982,+
3271908,+
4625078,+
2309036,+
4330201,-
2527025,+
4473323,-
4416597,+
3435387,-
2399420,-
3896469,+
2673737,+
2634423,+
2908502,+
84552,+
703349,+
4459661,-
4359448,-
4704446,-
1024036,-
2594650,+
3263041,+
1546456,+
294911,+
25025,+
11474,+
2200632,-
3935845,+
4219451,+
1832642,-
2678430,+
3854861,+
3701163,-
4088374,+
255253,+
2780425,+
4119866,+
3434586,+
2401645,-
1128405,-
163897,+
1820949,-
3291964,-
2657687,-
4736196,+
2893655,+
1528857,+
3122902,-
4220464,+
576922,-
2143541,-
2364685,+
3060973,+
1085937,-
2777328,-
1356534,-
1996889,-
2114524,-
2357540,-
95914,-
4656844,-
73959,+
3571398,-
788307,-
1512084,-
1291830,+
3312826,-
2494319,+
3116614,+
3592221,-
1348450,-
2619152,+
1541566,-
4119170,+
1913485,+
2908414,+
961840,-
4218390,-
2969466,+
4820216,-
1764607,-
3382920,-
3124327,+
1878109,+
2504893,+
2285612,-
4423088,+
4522735,+
1839917,+
3634086,+
1361911,+
3514281,-
3698120,+
783627,-
3982832,-
719934,-
3971908,-
4148518,-
2796999,+
1979771,-
2777361,-
4359640,-
3066689,-
1348645,-
1625206,+
1467873,+
4483002,-
3026237,+
4173048,+
4313238,+
4786622,-
1680693,+
4483852,-
1346906,-
3768181,-
4071214,-
610699,-
569041,-
3549072,-
574323,-
4173178,-
1739335,+
1020522,-
2291831,-
697489,+
3215826,+
901003,-
2067736,-
2993932,-
1114812,-
2633167,+
4221983,-
1549919,+
1292357,+
1709334,+
692340,+
4222299,+
2516672,-
4776424,-
4177008,+
223607,-
3974145,+
4585288,-
4498684,-
4617127,-
4718143,-
1202397,-
1713450,+
3974335,-
212365,+
4167597,+
2464224,+
2878716,-
1168166,-
2636068,-
489284,+
2311342,-
1920469,-
3940582,+
1980388,+
4222778,+
4526224,+
3464861,+
1001879,-
3191673,-
765614,-
4695061,+
3802021,+
2091350,+
1096038,+
372598,-
1536792,+
2948687,-
358934,+
1512099,-
4718065,+
2937327,+
1666646,+
3042239,-
4695078,-
4658722,+
3858690,+
291011,-
4474761,+
3829430,-
2598811,-
458230,-
1056155,+
3357528,-
4523148,-
2638619,+
3514310,+
3285036,+
4220092,-
4749693,-
3789840,+
993013,-
1722496,-
2993815,-
93962,+
4530626,-
1485398,+
854058,-
740128,-
704369,-
3731322,-
3378523,-
3992648,+
2723328,-
417425,+
617359,-
74008,+
1392498,+
385957,-
4796431,-
2800054,-
3490035,-
1174564,+
2034965,+
116397,+
4418922,-
3685363,+
1761606,+
4475853,-
474067,+
533935,-
4063759,+
2112066,+
1071465,-
2231493,+
105796,-
4118962,+
2371343,+
442060,-
2083063,+
3232470,-
1033897,+
1154744,-
2088560,+
2777283,-
1017890,-
3191509,+
3685371,-
2585439,-
1440268,-
3415637,+
2088306,-
2934737,+
1162227,+
1519264,-
2838205,+
1922606,-
436397,-
2728777,-
1401850,+
1316786,+
670523,-
1050260,+
679422,+
4336828,-
2762981,-
95597,+
3159256,-
3782035,-
1914460,-
3232626,+
1685729,+
2636872,+
2798502,-
3664286,-
4597471,+
3443169,+
3771947,-
3099924,-
2954930,+
1366607,-
3273886,-
3357517,+
69698,+
4146247,+
3741765,-
733877,+
1958522,-
473038,+
3377703,-
1317144,+
501066,-
4318438,-
1893499,-
347964,+
2093951,+
1271489,-
3434871,-
1734615,-
505022,+
3886005,+
4374487,+
2928776,+
2513502,-
2073060,+
1471620,+
437567,-
51861,+
612810,-
2889737,-
1095856,+
1337047,-
2024806,-
1010146,-
3494532,+
2143488,-
336366,-
2885828,+
689853,-
604184,-
797095,-
3974830,+
3860667,-
1033851,-
4485170,-
2329699,+
2328614,-
2777502,-
3914370,+
2526670,+
3866226,-
4071261,+
4222234,-
2938567,-
1492982,-
3399702,-
1894091,+
2231220,-
3035660,-
95532,-
818353,+
4831494,+
4000784,+
3974676,+
2757977,+
4375821,-
108367,-
1984662,-
1290665,+
3493908,+
3359969,-
2681163,+
85080,+
2285407,+
1046328,+
3117436,-
4102253,+
2499805,+
2093751,+
1552596,-
4791092,-
1055761,+
2374301,+
1692119,+
1825129,+
2807994,-
1311722,-
3788858,+
2653905,-
466490,-
1551129,-
247760,-
1692177,+
4717654,-
3356653,+
1394709,-
4173372,-
2978505,+
3970002,+
4583986,+
2952137,-
369840,-
84542,-
2081963,-
4589997,+
3944794,+
1697944,+
3116623,+
3405336,+
3802982,+
1757023,+
2785599,-
1979878,-
398010,+
1143693,-
2081933,+
4287798,+
2735089,+
1798605,-
435011,+
4831402,+
782059,+
4397889,+
1306632,-
466623,+
253031,-
916301,+
3312816,-
2813067,-
2091065,-
4599047,-
1804552,+
1536384,+
2288966,-
3869375,-
929302,-
1170777,+
3434537,+
1325396,-
2311172,-
924969,+
1399733,+
3153431,+
3316733,-
2670455,-
4101965,-
2439216,+
4675298,-
1912486,+
4418026,+
4580596,-
2034865,+
4472129,+
4246417,-
2083061,+
3591190,-
2329622,-
3801602,-
4448846,-
2037262,-
4773138,+
4663678,-
1252011,+
1125376,-
827765,+
84635,-
2838595,+
4416290,-
4429500,-
1722203,+
1916862,+
1286190,-
1554842,+
3184431,+
3184253,-
2799714,-
2953295,-
4125540,+
4380004,-
1175379,+
4119108,+
1156868,+
4687381,-
880003,+
215407,-
1282820,-
3907005,+
3094513,+
4498950,+
1492726,+
1401924,-
2096092,+
1585832,+
4792570,+
184883,+
4374751,-
2486266,+
4580617,-
1349040,-
4008997,-
3041850,-
1363043,-
2978352,+
2387814,+
182509,-
185507,-
84795,-
1292970,-
2360187,-
2421733,-
357246,+
4020807,+
128916,+
3644901,-
317610,-
2298108,+
95377,-
1562723,+
819346,+
2530105,+
3957500,+
3804309,-
3085701,+
2777417,-
3432072,+
2777256,-
3933055,-
350387,+
3273623,+
4851963,+
593781,+
2801076,+
929368,-
1650030,+
4217228,+
4195299,-
2920180,+
1507885,+
934639,-
2320113,-
3164074,-
4798094,-
4221108,+
1450099,-
548414,+
3972574,+
4222040,-
4573059,-
340975,-
781026,-
2091039,+
2211636,-
4350167,-
2516658,-
4459260,+
2695926,-
223561,+
4112961,-
3271786,-
3191740,-
4162974,-
4359590,+
299056,+
3340256,-
440312,+
139476,-
3982726,+
2657701,+
3589755,-
4080387,-
4877239,+
4526313,-
1051646,+
2233810,-
1351755,-
304480,+
100682,-
2820279,-
2981906,+
2797842,-
827684,-
240566,+
2230809,+
1436665,+
2953489,+
3590088,-
3259277,+
3965863,-
1325285,+
350857,+
695486,-
4015927,+
733872,+
2061317,-
3898707,-
4626883,+
85130,+
3435498,+
4334775,+
2953486,-
51964,-
4123800,-
4486769,+
1480258,-
159,-
4751578,+
424484,-
1295632,-
1143789,-
694058,-
4386990,-
3216773,-
2800431,+
4683630,+
3719295,+
2081630,-
3592202,-
933284,-
4665703,-
2072079,-
1314387,+
1702674,+
11298,-
1075678,+
1293025,-
1013999,-
3661161,-
259127,-
1519499,+
81698,-
1053329,+
2093871,+
1553663,+
4645666,-
1616029,-
2329518,+
1674417,+
377706,-
1182223,-
4304826,-
2948936,-
1918038,+
4201964,-
613317,-
515671,-
548432,-
2081038,+
3433101,+
2635638,+
3971341,-
4121413,+
2681218,+
4256244,+
201370,-
316831,+
2820131,+
1024168,+
4570153,+
2999376,-
4079034,-
3077115,+
1230627,+
318618,+
1920376,-
1295635,-
2053177,+
3592020,-
3969912,-
1001783,+
2285536,-
2381445,-
1476630,+
4080503,-
372241,-
925002,-
4070924,+
4404031,+
163971,-
4675128,+
1181026,+
2637650,-
613792,-
2357573,-
508057,-
3962377,-
1728818,-
3370889,-
2957031,-
1148557,-
4742710,+
4313728,-
2999363,+
2634592,+
3325110,+
1557981,+
2637993,+
2477413,-
1140749,-
2768859,+
1466905,-
2759414,-
1766368,+
1384397,+
3488118,+
17773,-
2680590,-
3410835,+
497723,+
2855196,-
2035056,+
3355166,-
4731653,-
4686051,+
2558005,+
1554846,-
3591236,+
1460325,-
3568337,-
4544201,+
4090301,+
957101,+
4404046,+
1861037,-
346362,+
1825124,-
95689,-
3032439,-
3970260,+
1633855,-
2062345,-
513693,+
4122148,+
3191966,+
3762936,-
1916159,+
1993015,+
4557332,-
2343806,+
1630501,+
388178,+
209050,+
3679731,+
108228,+
3845009,+
369806,-
4220585,+
4238472,-
4772859,+
717546,-
3361354,+
3032468,-
3078083,+
255100,-
2307713,+
1230541,+
3843729,+
105774,+
829122,-
1740499,+
4121110,-
2770632,-
849474,-
2261369,-
4498848,+
2527005,+
3812973,-
2855252,-
777389,+
1154600,+
3287315,-
3962507,+
2503688,+
198152,+
3114711,-
2829905,+
3982850,-
139656,+
3627310,-
3435102,-
184804,-
2805216,-
3588010,-
310975,+
2415058,+
3242405,-
3858705,+
3550184,-
1794489,-
1680587,+
3996681,-
2285816,+
3389163,+
3022179,+
4467367,+
4585777,-
580540,+
4376275,-
4523483,+
2951962,+
256210,-
2012831,-
4603004,+
1874633,-
1224400,+
932979,-
1942621,-
3141871,+
2529849,+
4205057,+
604161,+
728183,+
2073708,+
765726,-
3213299,-
1246421,+
1630608,+
3755127,+
2750022,+
3590648,-
3435859,-
1055728,+
3415830,-
255087,-
4581175,-
4384301,+
2343916,+
3804105,-
2308308,+
1033864,-
4133481,-
2036411,-
1788868,-
2274574,+
1588817,-
2036767,+
3607351,-
3273618,+
2081936,+
3571400,+
3592624,-
825696,+
1865259,-
1214335,-
2618616,+
1056074,+
2075054,-
4837436,+
4147022,-
4419057,-
3292133,-
319157,-
2111975,-
1648735,-
2176532,+
4579320,-
2580231,+
4369431,+
3253849,-
2799332,+
1211006,+
519904,-
941864,-
1809791,+
4851682,-
2927699,-
347325,+
1287593,-
2511482,-
4720043,+
329699,-
2818181,-
1958417,+
3232712,-
1760952,-
780540,+
3970811,+
2801836,-
1348405,+
825680,+
3311209,-
441276,+
2439478,+
1874586,-
2449162,+
3349422,-
1665903,-
3268642,+
3205526,+
4127983,+
4219365,-
2522799,-
1284242,+
3312167,+
4071039,+
1289743,-
2894057,+
94093,+
3869307,+
590648,-
203898,-
760868,+
4421138,-
1680533,-
2548295,+
2392072,-
3069901,+
121491,-
2156872,-
3067533,+
1677878,+
1495581,-
1802660,-
1366427,+
3000828,-
1990067,+
2885520,-
4217667,+
3159170,-
3090376,+
3916315,-
1224369,+
4720098,+
944815,-
2489715,-
4218131,+
2607566,-
697482,+
4124292,-
511103,-
2989396,-
3972059,+
450077,+
4419695,-
808477,-
294728,-
4185998,+
1819285,-
1582846,+
2800065,-
1678087,+
4584964,-
3089088,+
1471551,-
1724078,-
748931,-
3374995,-
691399,+
1047626,-
733787,-
4093960,+
1021439,-
4659645,-
3391175,-
3912694,+
4650689,+
2927675,+
3656565,+
4562380,-
2012845,-
2672444,-
3185698,-
2914740,-
4757251,-
1055180,-
2533625,+
1916275,-
401371,-
4585456,+
3677923,+
1610434,+
2826008,-
340451,+
4587058,+
901262,+
1192460,+
3940387,-
2800882,-
1329754,+
4292591,+
1913366,+
2486250,+
3866058,-
2080922,+
1206491,-
4791221,-
95178,+
2541971,+
1316865,-
1541388,-
3975305,-
3098017,+
2296273,+
1712005,+
4121706,-
14893,-
4697303,+
1265945,+
3228733,+
2144942,-
3099416,+
4224564,-
400870,+
208351,-
2139054,-
993834,+
3198960,-
3849443,-
1408865,-
1841210,+
1326687,+
2511273,+
