628754,+
1083994,-
4694031,-
2246532,+
2167994,-
3602468,+
2485366,-
2343871,-
4545185,+
2101923,-
5836635,+
4867543,-
4790489,+
5371497,-
167953,+
675801,+
1235476,+
2170190,+
5074685,+
1391633,+
1040299,+
3463920,+
3952667,-
1076327,-
432417,+
2458957,-
2394175,+
2119499,+
67474,-
4666039,+
5554289,-
2044943,-
3554720,-
1119177,+
2874207,-
3555552,+
224962,-
2785969,+
1442699,+
3847368,+
4174040,+
4169651,-
4629830,+
5062107,+
113602,-
174695,+
2766041,-
1290173,+
4482442,-
3980359,-
6070942,-
5867981,+
2646711,+
978637,+
3549535,+
2018954,-
5003805,-
3558132,+
3801104,+
611577,-
5246663,+
578766,-
6248538,+
3060576,+
1688281,+
5631472,-
3179530,-
2222547,+
1241455,-
4619967,-
342886,-
288490,-
4585501,-
6128153,-
4041317,-
4261486,-
3662810,+
4443072,-
2011498,-
5180806,+
1053957,-
4756555,+
4128598,-
2318896,-
2565510,+
3746302,+
5078629,-
5309341,-
4513315,+
4322299,+
5545027,-
3369493,+
226406,-
1163475,-
664906,+
30540,+
5468888,+
6008539,-
3113109,+
5846809,+
4247269,+
4016895,+
1525217,+
552179,-
3985209,+
1896531,-
3607915,-
476410,-
3746211,+
2920497,-
5202065,-
606066,+
5161136,+
4217617,+
3942208,+
4549988,-
1791030,+
4549170,-
2138892,-
1382985,+
49234,-
5438280,+
3415570,+
4965362,-
5148220,+
2685768,-
5513173,-
5988677,+
4964290,-
1000351,-
2090530,+
5870287,+
5295458,-
2542967,+
4662328,-
4221604,+
3091388,+
2061651,-
2172863,+
4568368,+
1310664,-
2723506,-
4340733,+
1024573,+
5321473,-
5367997,-
3791217,+
5868497,-
806266,-
3112127,+
5513689,-
1175936,+
2860,+
5258059,-
2267128,+
3429156,+
5018524,-
4888945,+
2447535,-
1603396,+
3075223,-
3164138,+
700664,+
1885788,-
982708,+
5026811,-
1833691,-
3712618,-
866734,-
5214644,+
2511832,+
897605,-
207151,+
3300846,-
1009536,+
615559,+
3332376,+
2457202,-
3312996,-
1487886,+
1887146,-
3014559,+
3888188,+
1832301,-
3781671,-
6086525,+
1738351,-
2414743,-
520847,-
585644,-
4617662,-
6165354,-
568082,+
4564337,+
1245448,-
5258901,-
2124600,-
5064013,+
1586677,-
179674,+
3497615,+
2408607,+
246540,+
1239339,-
2301570,+
409682,+
2259738,-
2478953,-
4701652,+
33957,-
4123876,+
3100262,+
1270380,+
3756783,-
5361397,-
433127,+
5755454,+
3132457,-
4309219,+
321232,-
849724,+
1682903,-
6138823,-
4125567,+
6040592,+
5606880,-
2474868,-
6157133,-
5349501,-
207017,-
4203297,+
4619176,+
5550423,-
192550,-
4934137,+
2863123,-
5352763,+
2620718,-
4769201,-
4888059,+
6008068,-
2751038,-
3724580,+
1927503,+
114220,-
5696716,+
1808997,+
2314593,+
5541514,+
3599458,-
2004066,+
5453510,+
4196206,-
871818,-
2521676,-
4829574,-
3838920,-
3392279,-
2763393,+
3926193,-
4951506,+
1677397,-
3293343,+
6110084,-
560621,-
2061858,+
4442009,+
5276012,-
2801374,+
1240007,-
5114629,+
3655965,+
3896496,+
2530119,+
2482523,-
2226808,-
488742,-
1067506,-
5236712,-
2031353,+
4047827,+
4912100,-
1429068,+
5863137,-
4613962,+
5408614,-
2068381,+
4763028,-
2001465,-
17557,+
4337855,-
4022899,+
304167,-
1378207,-
2225531,-
5723062,+
1389656,+
1141925,+
1175221,+
1413875,-
5380180,-
4963165,+
3290061,+
3702076,+
1745690,-
1422773,+
3911810,+
2252663,+
5695084,+
4650506,+
158820,+
642137,-
1608828,-
1217110,+
4385764,+
2739099,+
5371575,+
2370336,+
4934744,+
1491053,-
2454576,+
4171919,+
5612816,-
1025620,+
3757658,-
963464,+
3779293,-
3776442,+
5301290,+
4025460,-
3736401,+
3807013,+
949416,+
4417466,+
1251755,-
3987382,+
3593511,+
4224887,-
248960,+
3954515,-
4232350,+
2317048,-
5703006,-
4680331,+
6036233,+
3007214,+
3177624,+
4721950,+
5253304,-
298567,-
1852049,-
735988,+
5282304,-
1572417,-
501367,-
1838231,+
2810384,-
4483422,+
154262,+
3334311,+
588593,+
5084107,+
5670527,+
387026,-
876905,+
1417422,+
649140,+
283090,+
2524059,-
2903121,-
4270789,+
1411321,-
4747684,+
4060087,-
5583839,-
1623965,-
2302353,+
5209282,-
1929434,-
864328,-
984653,+
4594114,+
5930063,+
5439055,+
5201802,-
4709671,+
2539027,-
1181919,-
3781531,-
2477796,+
5612220,-
1520408,+
1820060,+
5737829,-
5762309,+
2335456,+
76037,-
3091429,+
811997,+
2436822,-
2659527,+
3996423,+
2191409,+
5975082,+
976810,-
2058317,-
878024,+
1457044,+
1701064,+
1263906,-
4453653,-
4104890,+
3946485,+
4907585,-
5859290,-
2682695,-
2909837,+
3636092,+
3582,+
2302639,-
4388010,-
917370,-
1381233,-
2529177,+
6158914,-
3742378,+
1154099,-
5588161,-
6143606,+
3435054,-
6009366,+
1272595,+
4369616,+
3659246,+
6226613,+
2953611,+
2430607,+
2649886,-
5811135,+
2026372,+
1925631,+
952399,-
5449237,+
1642454,+
5177752,+
336864,-
5485011,-
2304493,+
3720042,-
2179403,+
2627675,-
2517745,-
3914427,-
3347532,+
3491447,-
5303892,-
3010333,-
4496859,+
5138793,-
3889744,+
2568688,-
4114820,-
2349940,+
3155457,-
4395957,+
2996217,+
3514049,-
5106259,-
5675749,-
4500869,+
1510589,+
2259135,+
3923122,+
5194230,+
6145303,+
2419728,-
2360267,-
1961102,+
5985252,+
4261953,-
816533,+
1745190,-
304121,+
5349076,-
3800583,-
1986318,-
1987443,+
2706738,-
5765552,-
536269,-
2616389,-
508628,-
5521900,+
4159016,-
4239082,+
171632,-
1984954,+
2476337,+
312378,-
2165911,-
4453069,-
48254,+
2635420,-
2987525,+
1031574,-
1651948,-
850869,-
1162717,+
3753884,+
1664228,+
5621458,-
3067459,-
594455,-
1411200,+
4756730,+
1023028,+
27483,-
4719238,-
405821,-
77351,+
195569,-
1272001,-
2352671,-
5801567,+
1204876,-
770484,-
260912,+
4913490,+
5006694,+
1392028,-
754842,+
591876,+
475729,+
4140511,-
3789813,+
2506335,-
3556389,+
1832635,+
3726764,-
4193794,+
2827396,+
3893636,-
5837659,+
6179972,+
86519,-
2820984,+
4625785,-
3132913,-
5153812,-
785709,-
647432,+
4001922,-
4446574,-
5877765,+
3266360,+
4427625,+
3824240,-
2401359,-
2217256,+
5891836,+
5431750,+
1237720,+
5699101,+
3649908,+
5777442,+
3888886,-
2852898,+
2324687,-
2689828,-
3029720,-
843753,-
2804786,-
3959516,-
6050164,+
3946498,-
2229561,-
1232334,-
5978215,-
1145172,-
3543251,-
29388,-
645464,+
532680,-
3982879,+
5126938,-
1223235,+
736601,+
3507773,-
84841,-
5799566,-
4766363,+
5517854,+
4599741,+
4717109,+
5078523,-
865,-
1862836,-
2826074,-
1043441,+
2887759,+
944469,-
1389563,-
1637805,-
2327221,+
2344636,-
1878292,-
5890601,-
4416046,+
6261946,+
2458322,+
4680884,+
281316,-
2112961,-
6122329,-
3187819,-
4649288,-
2375739,+
5241366,-
491225,-
2855486,-
6072813,+
906629,+
2522023,-
1590433,-
221841,+
3330305,-
159096,-
4802589,-
5387434,+
1896798,+
4776689,+
5787824,+
4303242,-
5768223,+
5644869,-
1715232,+
5256062,-
2691076,+
2861390,+
6152227,+
102056,+
1817939,-
1867022,-
4587964,-
2387555,-
4472820,-
5301009,+
4171478,+
3584596,+
3694220,-
5020974,+
2844640,+
716921,+
5900074,-
1747340,+
2413662,+
6185113,+
1276673,-
72818,-
841966,+
3308200,+
3674120,-
3524426,-
6209944,+
2531986,-
4764781,-
4007024,-
2114514,-
5158742,+
999116,+
4811150,+
279064,+
3846239,-
3639414,-
105557,-
1976394,+
2853082,+
243192,-
4364169,+
173672,-
4516070,-
2397357,+
547089,-
3930399,-
2380765,+
1042802,-
2240285,-
4542234,-
4243575,+
810765,-
5045360,+
6182470,-
3338480,-
5287605,+
5482593,-
903293,-
4358583,-
5376815,+
1867106,-
1579831,+
1955545,-
1263552,-
843891,+
947783,-
2873467,+
4521476,-
1685952,+
4067309,-
6161855,+
1683016,-
4305018,-
5990570,+
2910912,-
5252553,-
5959500,-
1111789,+
45295,+
1604470,-
5676910,+
1296444,+
393364,+
5628068,+
3585376,-
5452670,+
2671745,-
3622267,+
4487348,-
5907729,+
1579576,+
1275184,+
363871,+
5640412,+
2152061,+
1411264,-
3614350,-
617901,+
217002,+
5233058,+
1297389,+
3180853,-
4191953,+
5634553,-
5443685,-
863681,+
3187724,+
2511296,-
191709,+
4174535,+
1727839,-
811002,+
4653862,+
3666608,+
2186307,-
4757062,-
2226609,+
2270913,-
3481359,+
1956135,+
1199439,+
3778605,+
6228852,+
219953,+
1042647,+
4684380,-
1503303,-
4820678,-
244029,+
621113,-
2456106,-
2754495,+
4160872,+
2476807,-
1524403,-
4186436,+
1386205,-
2887179,+
5584206,-
4570002,-
3816138,-
4362308,-
2050900,+
4140106,-
3246447,-
6184104,-
5943262,+
3202332,-
45850,-
1181363,+
221178,-
4416794,+
1656876,-
4386549,-
4635420,-
4554566,+
3685123,+
2924910,-
517814,-
5824281,-
4332897,-
693006,-
1253661,+
2100558,+
5526939,-
2415816,+
3389542,-
2448480,+
1380187,-
1332248,+
3750446,+
869247,+
4529263,-
1979652,-
109461,+
953734,+
2803193,-
1352999,+
5763846,+
1689990,+
2869715,-
3662090,-
2485197,+
2008311,-
5484435,-
635606,+
5663181,-
603367,-
2981595,-
4546679,+
4207642,-
490851,-
5887247,-
4177551,-
1648914,-
4550762,+
4576148,+
5711176,-
3665501,-
1263709,-
1367442,+
1932347,-
437549,+
3143807,-
4762532,+
150553,+
3150173,+
2779927,+
3461740,-
6141605,+
5154861,+
2279708,-
4888961,-
3556661,-
2623334,+
2745003,-
1260127,+
277716,+
3362752,-
694212,+
617381,+
985440,-
5738137,+
3871778,-
6093173,+
3771399,+
3919200,-
5133080,+
3980114,-
3521620,-
3430977,-
3335243,-
1547459,-
2184909,-
3630239,+
3280753,-
3178741,-
4518527,-
3957111,+
1673188,+
2087164,+
301636,-
708017,-
4687109,-
3065139,+
6182997,+
1261850,+
3473760,-
5995546,+
2683937,+
3767750,+
6173269,+
5374737,+
5454160,+
1414643,+
155921,-
2207865,-
5169990,-
170739,-
2556912,-
1862293,-
495048,+
5292705,+
3201207,-
5981759,-
5595918,-
40086,+
4191177,+
5003624,-
1662402,-
2721767,-
2900669,-
2002182,-
1112456,+
6172594,-
3520071,-
3555129,-
5466968,+
103705,-
253850,+
5048994,+
3913549,+
2736788,+
5573723,-
3001446,-
3489064,+
1913709,-
4963347,+
1376533,+
34822,+
1703880,-
3731913,+
1016808,+
3908249,-
5023955,+
5873892,-
2921123,-
4620580,-
5674920,+
4589753,-
4424775,-
3905093,+
4680185,+
1462480,+
5632176,+
120507,+
1409065,-
2218917,-
3792546,+
4382690,-
4019527,-
1360800,+
4783961,-
5260933,-
2167544,-
1332565,-
3014566,-
5505292,-
2451930,+
3482245,-
3545844,+
978623,+
3278377,+
2415562,-
4257880,-
601359,+
5503365,-
4454878,-
5311705,+
4953105,-
3067560,+
5122168,-
2954928,-
3165624,+
342625,-
6068471,-
2296444,-
4533756,-
3288392,-
3835976,+
4287900,+
4918316,+
4764548,-
7128,-
6218776,-
2501334,+
1661531,-
2773609,-
4539972,+
5164847,+
4827126,+
1067640,-
4359376,-
447486,+
565522,-
5085866,+
545428,-
2677469,+
5212397,+
2016385,+
4931520,+
2029880,+
4816166,-
103013,+
2598181,-
453682,+
955303,+
6176772,-
248318,+
1257772,+
1911069,+
1409681,+
1573749,+
1799074,+
4089804,+
2026604,+
2535204,+
3049375,+
5816713,-
4745947,-
1735261,-
3939837,-
1968843,-
4057363,-
1165088,+
2977802,-
10831,-
721714,+
158609,+
3036333,-
1578486,+
746695,-
4033806,-
2231129,+
3228781,-
3963358,-
3553092,+
423853,-
2328182,+
5165196,-
5028829,+
3448608,+
1870023,+
1208145,-
89601,+
999895,-
1194144,+
70534,-
6015046,-
4295160,+
2680287,+
5898989,-
6004544,-
1842433,+
4767544,-
1704090,+
5528092,+
1403711,-
3994097,+
1694059,+
1832396,-
5449162,+
5270957,-
2039861,-
902553,-
2688093,+
2242786,+
3771286,-
2210421,-
6136781,+
4669083,+
557310,-
5259642,-
3906070,+
1639139,-
172553,+
1846329,-
4209456,-
464920,-
432275,-
1244241,+
658542,+
1552293,+
4958899,+
3919811,-
1982735,+
2064073,-
2459001,+
3077794,-
1128964,-
97454,+
4027751,+
5768804,-
2129293,+
1808686,-
5342210,+
5355187,-
1320160,+
5148674,-
780924,+
1906767,-
3136647,+
625130,+
960115,+
4460046,-
1784492,-
1300673,+
4562756,-
6245672,+
1576680,+
3362483,-
2239730,+
6108793,+
2112659,+
3569262,+
5361989,-
3973894,-
1202567,+
2776923,+
129101,+
3871334,+
4679684,+
370612,-
4094016,+
1000586,-
640741,+
1120874,+
5711000,-
1884071,-
626434,+
1379569,+
5893243,-
844297,-
957369,-
3773942,+
887779,+
5426675,-
5151500,+
4314712,-
1577465,-
5509407,+
3753452,+
2205806,+
5042268,-
3071981,-
5275085,-
711795,+
5892339,+
4570451,-
6071091,+
706427,+
4650774,+
45939,+
490106,-
2135206,+
3605819,-
3022356,-
22600,+
2788952,+
3119285,-
3577797,+
2948548,-
4802996,-
1394395,-
5509438,+
4020308,+
5552395,-
1104439,-
3244179,+
2902565,-
803841,+
3964378,+
1630487,+
3199022,-
423452,-
2437220,+
873306,+
375251,-
112026,-
4140182,-
4237384,+
1640558,-
96484,+
6948,-
745492,+
5676791,+
1519631,+
2075902,+
3709301,+
1429416,+
2694158,+
5190265,-
3280400,+
4076236,-
27580,-
4875983,-
3159949,+
2571719,-
5250189,-
749439,+
4941106,+
5364991,-
5651440,-
1590683,-
1842440,+
2278738,+
4962198,-
475723,-
4426149,+
5216885,-
3280399,+
2059989,-
5053782,-
4436056,+
368308,-
4283897,-
1086625,-
3586469,+
2271360,+
2967054,+
5473797,-
5034138,-
3441801,-
4178256,+
5395276,-
535577,+
2990863,+
3012898,+
486053,+
4437777,-
6248013,-
926393,-
5394048,-
647044,+
633481,+
1580274,+
5764704,-
2814067,-
2498777,+
5421864,+
487367,+
6135049,-
899511,-
1377522,-
5370148,+
1748721,+
172488,+
734377,+
1341174,-
3347296,+
692540,-
170021,+
920361,+
325613,+
271785,+
5882925,+
3265711,-
2984141,-
5744735,+
1479184,-
5443170,-
2740813,-
3515659,-
1147542,+
3015826,-
5698889,-
2331317,+
4040958,-
1355593,+
792436,-
2511782,+
2994026,-
4398635,-
2276887,+
1833997,+
4541830,-
5074361,+
5013284,-
4531749,-
743606,-
5261611,+
598162,-
5055415,+
5186437,-
838033,-
3380171,+
947219,+
3293079,-
1301675,+
5946459,+
3086199,+
53170,-
152551,-
1184831,+
4041636,+
137158,-
1382944,+
5604454,+
5445463,-
2335954,-
1892249,-
5587254,-
5397152,-
2845766,+
2784350,-
5164999,-
3281401,-
1465290,-
2693152,-
2730338,-
1132459,+
1999511,-
910251,-
81068,-
3480977,-
1689512,+
135472,-
5113131,-
3594149,-
1494111,-
6247135,+
1734761,-
5740202,-
3400652,-
1854621,-
3102441,-
2855752,-
2189697,+
4076810,-
5349658,+
1019674,-
217587,+
4959853,-
1312564,+
5608738,+
5752311,-
4016003,-
4086979,-
26582,+
5789806,-
2283603,-
5996519,+
240363,-
786495,-
4975382,+
3472939,+
5966134,+
594375,-
590926,-
1482067,-
805041,-
3812614,+
5632435,-
5708187,-
3200693,-
2131875,-
2044869,+
4874943,+
29801,+
201661,-
1004381,+
154344,-
1601483,-
2890980,-
3217289,+
5650896,-
1835107,+
2862666,-
5309001,-
5224948,-
4699547,-
5477659,-
4700718,+
1901590,+
5373000,+
3438517,+
3678892,+
4374141,+
3869888,-
2802344,-
3959542,-
2709612,-
2618116,-
3883794,+
535265,-
1868425,-
2023133,+
2891657,+
1035699,+
2485247,-
4929966,-
5075011,+
3809965,+
4606756,+
5847947,+
6245056,+
16093,+
1508384,-
4275764,-
3984722,-
4418123,+
6054797,-
715167,-
682740,-
1317716,-
5945646,-
1116913,+
3149482,+
683073,+
2579432,-
6211681,+
3109424,+
776231,+
5198798,+
1868864,-
5366768,+
6240966,-
6071037,-
1675171,+
1315825,+
4101029,-
529564,+
5760326,-
866409,+
2317986,+
1875572,+
207342,-
203179,-
3644784,+
5769859,-
1071947,-
3153449,-
1482543,+
5972523,-
1962299,-
1040140,+
5476381,+
2520044,-
1089701,+
3952554,+
1472401,-
3047435,+
1690900,+
3706399,-
3175159,+
1208062,+
4238731,+
5443860,-
4798971,+
2825278,-
5924594,-
5934325,+
4613469,+
543634,+
3153636,+
5028870,+
6083320,-
2282626,-
1629035,-
4203988,-
2066227,-
1896806,+
559939,-
1325508,-
2746147,+
2572114,-
2193673,+
6058291,+
2863449,+
6067284,-
3701229,-
3018187,+
4635511,+
1895923,+
2700897,-
197680,-
4947129,+
1371081,+
73171,-
5672719,-
3861172,+
2487536,-
3038885,-
4375755,-
5888888,+
5723173,+
5304048,-
5779317,-
1687735,-
733379,+
6030331,-
2929455,+
543431,+
1542739,-
1092776,-
2217557,+
1774049,-
3364776,+
1860047,-
4655075,-
4748585,-
4919811,+
814236,-
1407404,+
6120910,-
603341,+
3441992,-
783066,-
3539556,-
3004476,+
503410,+
4628284,-
2494091,+
3449311,-
2979154,-
5229105,+
4106514,+
3199535,+
4149943,-
6063923,-
564928,-
1315357,+
1552806,-
2148279,+
3125863,-
5539588,+
5645803,+
2402321,+
2969976,-
919225,-
4656489,-
2826961,-
2394889,+
4051290,+
5036788,-
5260360,-
4156349,+
5283587,-
1764638,-
405225,+
5801218,-
6245472,-
2385922,+
2615105,-
471147,-
309060,+
2965170,+
2199055,+
220033,-
2120485,-
4505454,-
5370765,-
1183435,-
894829,-
4333462,-
4156092,-
5190170,+
1988607,+
452043,+
583752,+
3052898,-
242303,+
1152771,-
1481015,-
5486880,-
4455644,+
3206700,+
4997393,+
4758256,-
913763,-
5221272,+
6090496,+
727979,+
6215994,-
3520884,+
5315616,-
96491,+
5995453,-
532579,+
1923734,+
443129,+
1872682,-
4805324,+
2955881,+
2975533,-
4873204,-
197594,+
1104824,+
6013786,-
1323125,+
5564023,+
2620218,+
1161654,+
1228221,-
3557603,+
459049,+
4390468,+
1053838,-
4145129,+
531266,+
5246491,-
1652116,+
4738559,+
5263443,-
1393890,-
2377123,+
2416649,+
5755670,-
1747850,+
3462603,-
2502820,-
5522861,+
1820039,-
4920216,+
3235614,+
2652773,-
682621,+
2715364,-
3264417,-
1725390,+
380022,-
1650983,+
3348038,-
6021984,-
141905,+
3519558,-
1111397,+
2237804,+
400717,-
3444539,-
1948088,+
1977028,-
5162520,+
1611633,+
3545466,-
611327,-
1508509,+
5401728,+
4756875,+
3508078,+
748715,-
3631812,+
1245422,+
902210,-
1457017,+
2368382,-
2909933,+
2105303,-
6088005,-
3309873,+
5104280,+
1256197,-
973258,+
116072,+
2816862,-
1076833,-
957476,-
4323689,-
436534,-
5130811,-
4734205,-
3457187,+
5397547,+
2114753,+
201678,+
2642798,-
411981,-
1783352,+
727378,+
4871414,+
1322501,-
6068937,+
4137973,+
2978017,+
1747659,+
3193892,+
896923,-
783830,-
3526257,+
1065380,-
658082,-
3801600,+
1038145,-
5860331,+
2154097,+
4342812,+
4994809,+
3850632,-
1547258,+
2862077,+
3204594,+
1430313,+
5415273,+
2359049,+
5720229,+
3972707,-
7916,-
100027,-
475531,+
4958751,-
1313170,+
3802610,+
5003346,-
5855965,-
4785665,-
4857119,-
5867484,-
2058498,+
3523115,+
140400,+
4327620,+
2016220,+
1294969,-
5157606,-
3365630,-
783216,+
2678947,+
5031321,-
1199515,+
2968772,-
547011,+
6080904,+
1914712,+
1945964,+
2246432,-
2473658,+
5384121,-
6261093,-
2766262,-
3857873,+
1782116,-
1426696,-
6099523,-
647664,+
4003491,-
1929036,-
6172653,+
5085521,-
1454617,+
4865125,-
2976952,+
2075929,+
3879743,+
5089647,+
4129603,-
5606022,+
1312441,+
3163565,+
4712663,+
1501024,+
1984337,-
1890991,+
4349805,-
3549857,+
4194332,-
4612596,+
5585282,+
5166968,-
1325310,+
1501787,+
4412082,+
3921342,+
2780669,+
772105,+
4588992,+
5613254,-
714141,+
2736908,+
2960767,-
5271608,-
2256309,+
2108308,+
617681,-
1892380,-
5020769,+
4872037,-
3162888,+
6196428,-
3586498,+
946499,+
3247639,+
2390226,+
2860378,+
2194090,-
3092431,+
1769395,-
5583039,+
2330433,+
3296634,-
5466723,+
5154466,+
181069,+
2983301,+
5791253,-
4149559,+
2681401,-
1953581,-
4796735,+
6224582,+
4357053,+
1457238,+
3133087,+
2882928,+
4548847,-
3121906,+
4446035,+
383117,-
4755284,-
1255984,+
3459770,+
2390502,-
4844664,-
3787773,+
766188,-
4771774,+
2656567,+
5485821,+
4383935,+
4585534,+
2662676,-
6025739,-
4365312,-
753425,+
4103700,+
4459856,-
428586,+
6000369,-
5699595,+
3759535,-
2480156,+
3183833,-
1944073,+
5375380,+
5307740,-
1665165,+
2447103,-
2575736,+
2488657,-
2633600,-
1368327,-
3780086,+
3762241,+
1871490,-
856275,+
1396832,-
3039598,+
2713497,+
4864177,-
6120565,-
53858,-
1658840,-
5933505,-
2822655,+
3536751,-
4744865,+
5162970,+
2840423,-
2064827,-
3828117,+
6186305,+
2676918,-
4236546,-
1344183,+
3286875,+
3143242,+
605960,-
3708704,+
5488302,+
5784983,+
4671724,-
90599,-
1708502,+
3226594,+
5986628,-
4026537,-
1540034,-
526630,-
44030,-
5866210,-
1510205,+
2610539,+
2025733,-
2525988,+
1314569,+
4840502,-
792382,+
4494005,-
5260823,+
3937080,-
3401878,-
568967,+
6048862,+
1142549,-
4211183,+
5871480,-
5181417,+
6120139,-
4538166,-
4818169,+
1926574,+
634899,+
2308750,-
3867830,-
4628173,+
1483689,+
1195549,-
4692825,+
1128103,-
3658932,+
952907,-
3123062,+
569431,+
6203744,+
5452729,-
5022164,-
1720042,-
4731705,+
4630957,-
5286960,+
6076730,+
1399386,-
3902421,+
144495,-
5192853,+
1961393,+
1124023,-
4303247,+
3828120,+
2438311,-
5555015,+
3204355,-
5810113,-
2351700,-
278856,+
100111,+
5188440,+
606545,+
4073012,+
4452921,-
512293,+
2718399,+
4689410,+
2941786,+
3642163,-
2624561,-
91981,+
2232868,-
3594965,-
5944975,+
4747844,-
780021,+
1139637,-
3149207,+
1968503,+
3118413,+
173897,-
658884,+
6208000,-
197663,-
3873419,-
4812091,+
5873144,-
4728989,+
1332462,+
3999574,-
4386045,-
4405769,-
4375635,+
1380116,-
4197806,+
21784,+
566834,+
978780,-
5091423,-
1307414,+
5627367,-
1071709,-
2448445,-
4960605,-
175320,-
1949817,-
3526324,-
5012652,-
1099488,+
3602607,-
2483309,-
2932257,-
3281193,-
4823047,-
4233887,-
1557825,-
2901515,-
2954508,-
1276261,-
5213352,-
581998,+
2494310,-
101656,+
3104622,-
5806594,+
3439466,-
2694533,-
1298956,+
1998875,+
4431026,+
424867,+
1202317,-
266271,+
5911054,-
5468559,-
4772148,-
378668,-
2135595,+
5738654,+
282571,-
2370932,-
2684518,+
4847383,+
548408,-
1241930,-
178212,-
3583529,+
4388556,+
5233672,-
1392328,-
2472524,+
2176200,-
3574835,+
315344,+
231837,+
176661,+
1365537,+
4283506,+
2850386,-
4133395,+
4339604,-
3847836,+
5244439,-
6205048,+
4797913,+
6009812,-
6123722,+
5884598,-
1091577,-
1240704,-
6046329,+
2934252,+
4377122,+
4629759,+
4875030,-
5277006,+
4778210,-
1765768,+
2882104,+
717584,+
2892051,-
1426284,-
396314,+
5921010,+
3821529,-
243129,-
4822769,-
2143594,-
1243242,-
3957684,+
4055864,-
1978950,-
3884336,+
2794197,+
5453280,+
2761018,+
2090661,+
1874400,-
4884525,-
1027714,-
2301530,+
5712298,-
4268589,+
725468,+
2142818,-
1946324,+
3907913,+
3290671,-
3504714,+
5080325,-
6085256,-
5293814,+
186566,-
2729474,+
3978652,+
5947367,+
2717794,+
112466,-
2165205,+
4027342,+
4746346,-
920212,+
1278309,+
1717671,-
4757587,+
3686438,+
3174267,-
4384796,-
1070978,-
259276,+
3013424,-
5393857,-
2465956,-
5123852,-
3155973,+
4941922,+
3195166,-
1700920,-
5163450,+
3582322,-
1819524,-
4751569,-
5138608,+
4046010,+
1685829,+
4518393,+
3005443,+
5263827,-
1976016,-
5501983,+
3647472,+
3267473,+
1794307,+
4538657,-
48502,-
5222691,+
229683,+
3241781,-
4440290,-
5699473,+
2280671,-
2061458,-
2542924,-
2545593,-
842864,-
4431979,-
3739232,-
2947025,+
21288,-
2383390,+
1091527,-
1070521,+
1930040,+
1785452,-
161767,-
2142463,-
4387698,+
5919038,-
3293560,+
5410217,+
1025177,+
3155664,+
1314691,+
3879639,-
5497951,-
4077011,-
972632,-
500832,+
3822477,+
443050,+
4647432,-
1484843,-
1587327,+
3948916,+
5268186,+
1568424,-
269192,-
2689713,-
2525428,-
1282033,-
5646729,+
4021485,-
1021549,-
2732493,-
2518925,-
4573494,-
5077130,-
2214047,+
3461742,+
1213089,+
1649128,+
1323800,+
4322979,+
4897888,-
4478243,-
688734,+
1031125,-
2160513,-
5024212,+
1380087,-
2460083,+
548168,+
5941640,+
1429998,-
1268623,-
6210155,+
841642,-
2788538,+
5301245,+
3309843,-
5616541,+
4287187,+
5915902,+
4235065,+
3240551,-
4430500,-
194960,+
4151910,-
2821521,-
6150684,+
2175361,-
1045018,+
6140800,-
2048101,+
6255235,+
5969110,-
6171815,-
251402,+
3527098,+
662652,-
5768467,-
5036287,-
3687780,-
5854435,-
5604068,-
2715384,-
6217354,-
5810911,-
5622295,+
5327377,-
3420123,+
1151278,-
6006981,-
4440137,-
1031287,-
2703113,+
5602984,+
344657,-
5215457,-
2313422,-
210187,+
5371410,-
5649667,-
4169286,+
983063,+
479737,-
3391393,+
5945734,+
1525859,-
4780423,+
2835878,+
4187002,-
3965122,-
3817922,+
4978905,+
3623097,-
4194303,-
2922439,-
4823661,-
4130097,+
4849935,-
2468938,-
1617545,-
4643558,-
3042570,-
1860754,-
548126,+
4325951,+
518497,+
3219425,+
1225890,-
728404,+
5265501,+
1640777,+
4312259,-
3296613,+
4200018,+
4029112,-
50606,-
4896548,+
132257,-
197155,-
5625639,-
5717014,+
4674197,-
4548028,-
1547305,+
4476421,+
5986303,+
1765935,-
5302381,-
4139434,-
724664,+
6155092,-
4617502,-
1455378,+
1500537,-
6170901,+
3464024,+
3954774,-
4728746,-
5314363,-
2294910,-
1133721,+
1171500,+
3674511,-
6140033,-
2446415,-
4911193,+
5730889,-
1474642,-
4690507,+
4796606,+
4465467,+
4617959,+
133677,+
438899,-
4971340,+
381922,-
3381146,-
4901562,-
872118,+
5728029,-
4476048,+
1434172,-
4769062,-
5712318,-
459625,+
571358,-
6214981,-
1672165,-
3589991,+
2999113,-
6171612,+
174126,-
5195799,-
917032,-
1180088,-
34197,+
924246,-
1415691,-
4560150,+
3895167,-
2749491,-
2291911,+
4226236,-
6165232,-
5384534,-
3809150,+
5490579,+
4653593,+
6088658,-
3108325,-
746241,-
3400092,-
3316711,+
1586611,-
3546856,-
3473897,-
3257900,-
3468085,+
1065760,+
5977639,+
1586532,-
1314369,-
4054600,-
5206179,+
5673440,-
5420705,+
1435246,-
1481194,-
5166173,+
988695,-
491176,+
2141919,+
3792268,+
3456921,+
2872335,+
2931228,+
4459728,-
3249881,-
1108316,-
2443274,+
4634415,+
5158920,+
6118620,+
2748350,-
5596448,-
2002952,+
4560591,-
3492830,+
2717683,-
55675,-
4431072,-
2779328,-
3179835,+
283632,+
2582185,-
1924786,+
4949980,+
735251,-
2970840,+
1522185,+
5237538,+
5502255,-
2908164,+
5177231,+
3153927,+
2562815,+
3875002,+
3374223,+
6145386,-
4166130,-
5395733,-
5475059,-
1479081,+
110713,-
935030,-
5048120,-
1843639,-
70353,-
2917311,+
5524033,+
3941210,+
2301920,+
4323225,+
1242932,+
1138983,-
2360566,+
3406130,-
349511,-
4798150,+
3651497,+
3256103,+
1486817,-
4821862,+
5321468,-
2105690,+
5883134,+
2348311,+
3617777,-
1384241,-
2801122,+
2705718,-
4129105,-
3624043,-
4745834,-
4762867,+
3845851,+
3052121,-
2257109,-
2737298,-
3167584,+
1222808,-
1047890,-
1686530,+
1143534,+
2615829,-
6064503,+
3213699,-
4442324,+
2919574,+
3150777,+
539319,+
4884091,+
2958688,+
74162,+
531636,-
1087903,+
1179540,-
2479362,-
111756,-
5611659,+
4024273,-
5775005,-
4008133,-
4225727,-
4619897,+
3736971,+
441750,+
2311245,+
2662722,+
2990545,+
2466685,-
1641700,+
2444764,-
5567052,-
120270,+
121784,+
4899871,+
3658924,-
4534729,-
5797575,-
867136,+
2306519,-
2922094,+
3238052,-
273315,-
3073293,-
4923524,+
79247,+
3492798,+
5349171,+
340063,-
788037,+
5845321,-
5781444,+
3245445,+
2214929,+
1252590,-
2838180,-
4120009,+
5495650,+
5744521,-
203231,+
2991019,-
1078716,-
2237129,-
2957303,+
3548450,+
4599765,-
4265245,-
5833342,+
4995945,-
243027,+
6114308,-
5864525,-
60441,+
4628684,+
4201094,-
2164845,+
292179,-
1935067,+
3708501,-
764500,-
1986678,-
4242442,-
269532,+
3109,+
4999991,+
119289,-
3445057,+
3323144,+
6263195,-
761913,-
4399478,-
301141,+
955256,+
4345050,+
833519,+
1025049,-
2355365,-
2692883,-
5678342,-
4392722,+
2456069,+
5808123,+
1655552,+
3046765,-
4417591,-
645576,+
403043,-
6217446,-
2912856,+
638195,-
5323512,+
1612765,+
5351252,+
3771811,+
2223262,+
5428781,-
223811,-
683988,-
1337187,-
5419343,-
4831965,-
5518646,-
332417,+
3886810,-
3500361,-
132971,-
64836,+
2086188,-
682816,-
2027573,-
4595053,+
3382195,-
936747,+
394165,-
5139386,+
20918,-
1607318,-
4229763,+
1750151,+
4856943,+
3782567,+
234773,-
715905,-
510805,+
4025445,-
3676530,-
2207747,-
3191090,+
91081,-
6122996,-
5622623,-
6032770,-
3453169,-
5388693,+
4989973,-
3751372,-
4686231,+
5303302,-
6173612,-
3447594,+
3396758,+
1172602,-
3872255,+
6006243,+
5482996,-
2057686,+
3199745,-
4627656,+
4896899,-
1597379,-
3668677,-
4355857,-
1009572,+
4913387,-
5986413,-
1462418,-
1336353,+
275057,-
580102,-
2896565,-
2090915,-
3623281,+
193007,-
303450,-
2471470,-
3593481,+
3155458,-
5337720,-
5365930,-
4469020,-
2644514,+
4470178,-
5825833,+
4749529,+
2006646,+
670837,-
131966,+
820487,-
3751310,-
6242739,+
3830077,-
2972912,+
274242,+
481673,-
3178349,+
6135401,+
3225522,+
5567202,+
5786916,-
2364432,-
1749020,-
245096,-
2081825,+
3585375,+
1681295,-
1850282,+
4366969,+
2241537,+
5254767,-
2512061,-
88089,+
2037945,-
3267187,-
4183943,-
697726,-
9222,-
2511663,-
3456572,-
1886503,-
1612082,+
798326,+
1300942,+
4882130,+
5912704,+
5476489,+
5768151,-
4061610,-
4701335,+
3409875,-
427940,+
527690,-
124318,-
6201630,-
5750076,+
3193329,+
5070892,-
5246023,+
100931,+
1544194,-
5861650,-
2459265,+
827465,-
111803,-
4155029,-
1157243,-
2756421,-
5215295,-
2311119,-
2576748,+
1777390,-
2640080,-
2270322,-
1414726,+
1782416,-
5400184,+
1045276,+
4732545,-
2048735,-
3676399,+
4634827,-
3987911,+
4572051,-
434867,-
740341,-
5478624,+
1997811,+
1408014,-
4127675,-
127930,-
1134053,+
2418239,+
3573867,+
5404039,+
3886613,+
3069738,-
5475176,-
2837334,-
6034172,-
4815909,+
2393418,+
990437,-
83216,-
5497450,-
1166647,-
5486092,-
4426876,-
2717065,+
1107126,+
2522451,+
2448198,-
2001112,+
3409363,-
1996454,+
2898069,+
6123717,+
1286827,-
679849,-
5022712,+
5824822,-
3230676,-
3561804,+
4096379,+
2002399,-
1523629,+
3535121,-
3153999,-
5741759,+
3837475,-
3460314,+
2248494,+
3238919,-
2085736,+
3583905,+
998416,-
2019412,-
4955737,-
3922647,-
3250227,+
5998132,+
3186289,-
3372715,+
591893,+
4025234,-
4998774,+
5013701,+
3161702,+
5342256,-
3819637,-
107977,+
1308726,+
3507568,-
2363753,-
6202388,+
4834140,-
2005474,+
5601207,-
603503,-
320196,-
2470816,-
1952219,+
768997,-
105091,+
4815989,-
3017045,+
2471465,+
5120474,-
2921267,-
3356709,-
6135725,+
4160206,+
1527310,-
922697,-
4566853,+
6263194,+
4222500,-
4330590,-
3474532,-
1042406,+
2843518,-
1347798,-
5443420,+
3668201,+
496011,+
3212324,-
4753288,+
4819480,+
3406396,-
4198510,+
2610761,-
3894222,+
3205158,+
624003,-
2078002,-
1506979,+
2922424,+
4775407,+
2303396,-
1645482,+
5791419,-
5227653,+
2720601,+
1110079,-
4715222,+
2276720,-
699352,-
5379039,+
233514,+
3780610,+
1635850,-
3129256,-
256823,+
4966127,-
5672150,+
4522557,+
5039738,+
3115071,-
2508739,-
1821749,-
3204808,-
4748932,+
4582752,-
2369348,-
5774327,+
4252694,-
2822686,-
400443,+
2509182,-
4578821,-
967089,+
2869224,+
6250762,+
1478117,+
1537541,-
1492896,+
1824673,+
6241217,-
4660452,-
1367002,-
4713911,-
5041030,+
5498692,+
496185,-
4669991,-
4446979,+
1204521,+
1311583,+
2223860,+
890285,-
4217412,+
368740,+
4529971,+
1120636,+
303162,+
1708896,-
577539,-
837564,-
456391,+
302937,-
5662417,-
3509649,+
3096660,+
1347673,+
3030438,-
2935525,+
4194534,+
121623,+
3264421,-
6199768,-
5406293,-
5548558,-
2311991,+
3680869,+
1969623,+
4881233,+
2658495,+
372633,-
574010,-
196602,+
2394675,+
469897,+
1553948,-
5453112,-
2321836,+
2126323,-
2828406,-
3028077,-
1874236,+
4595067,-
6087015,+
5536169,+
6031593,+
2563854,+
5135170,-
5156877,-
958156,+
3240975,+
5702002,+
4014109,-
5488094,-
871753,-
5677827,-
390532,-
6158767,-
1498245,+
3834448,+
5404284,+
1158699,+
831143,-
3959441,-
5260899,-
1994229,-
5416910,-
2443716,-
4880923,-
4733418,-
219147,+
3650684,-
2933980,+
3967873,+
5317207,-
5967758,+
4698369,-
2185730,-
2306691,-
4351998,-
2973295,+
4411948,+
4871758,+
2759707,-
3355403,+
351067,-
416492,-
1794597,-
4923044,-
2006402,-
5772318,+
5491953,+
758242,-
303564,-
442080,+
2593944,-
5945518,-
2712833,+
5938108,+
1603978,+
4515298,-
1441601,-
3332090,-
423824,+
766489,+
1662043,+
5987970,+
5044372,-
303415,-
3157003,+
3766466,-
806840,-
3326225,-
1642938,+
1445411,-
1847819,-
6191655,-
6217900,+
1850491,-
315226,-
4618829,-
1333852,-
1547265,-
1087997,-
5662456,+
6017440,+
1243233,+
402264,+
3679393,-
2809253,-
618716,+
3306812,-
3300030,-
3621245,+
3097888,-
2149450,+
2292584,+
2709294,+
2229420,+
1160538,-
4270609,+
2463744,+
1712343,+
5401571,+
312027,+
1489210,-
3860807,-
1264905,+
418315,+
3250644,-
1227647,+
3236699,-
5598654,-
5595691,+
5045669,-
2419882,-
5532339,+
1416027,-
3128668,+
3244813,+
4054241,-
5633731,+
2651341,-
3894587,-
2947655,-
1378645,-
3102164,-
3152708,-
231771,+
4207503,+
4640387,-
5133248,+
671026,-
1015772,-
4794557,+
5534511,-
1298711,+
1331515,+
3814802,-
3877821,-
5997621,-
1383185,+
246142,-
5552806,+
77439,-
2834556,+
4188628,-
6071130,+
1379720,-
2254741,-
5901146,+
471887,+
4441529,-
2454959,-
2418058,+
1586075,+
1892606,+
1796312,+
1766875,-
4489391,+
2601066,+
1695949,-
5075325,+
5725074,-
2555960,-
2149893,+
2360841,+
1083650,+
5129527,-
888369,+
5994559,-
2227748,+
2491341,+
5651843,+
4585082,-
3591397,+
2475887,+
3171416,+
3567423,+
2912526,-
4293922,-
5925954,+
5368978,-
4555408,-
1722879,-
1615580,+
1944299,+
1135424,+
3617729,-
4579164,-
5236618,+
4153370,+
2587341,+
5564569,+
772433,-
6113397,-
4076119,-
5720927,-
502761,-
511556,-
5246052,+
3017541,-
2116495,+
217205,+
4801035,-
2715775,+
3398937,+
3415237,-
592158,+
1830391,-
4977392,-
3919218,+
1602804,-
4782168,-
6055905,-
1825265,+
3992446,-
5048750,+
1256572,-
2783188,-
5942102,+
2239748,+
3036214,+
3887045,+
3250016,+
6066994,+
986034,+
1193505,+
660372,+
2287744,+
2216938,-
5937298,-
4846304,-
376227,+
878245,-
5528272,-
2143068,-
4474373,+
2810214,+
3590297,-
6068836,-
5519384,-
2975662,+
2891159,-
3229834,+
4911887,+
4215998,+
5649429,+
2027566,-
4621104,+
4802991,-
3905984,+
5135710,-
2346804,+
1050765,-
5373996,-
5988266,-
4136190,-
1359713,+
17619,+
5358695,+
4787587,-
3077680,+
4274323,-
4741209,-
1474576,+
5133564,-
2842734,-
74114,+
4721072,+
241892,+
1320466,+
3655945,+
1915272,+
4072699,-
75529,-
1556092,-
547448,-
2757893,+
2143550,+
2193847,-
765316,+
3610968,-
3444791,+
1776855,-
536617,-
1592875,+
540171,-
3809353,+
5604095,+
5222051,+
5316029,+
376620,-
3143912,-
4841272,+
2145693,+
2409924,+
2549425,+
445717,+
2419643,+
5384740,-
129150,-
4875405,+
4159084,+
2099470,-
2079872,+
2817533,+
1225279,-
5633099,+
5034390,+
3497288,-
116878,-
1152952,-
150808,-
5331561,+
4402241,-
1299369,+
4698356,+
2130577,-
5820455,-
1444589,-
5708252,-
2788777,-
2116945,-
197644,+
2681079,+
3044290,+
5889128,-
5027182,-
939449,-
3545250,-
2933909,-
3678862,+
5418185,-
5137653,+
3613522,+
5095652,-
1840783,-
3471729,-
1423747,-
3169576,+
2510596,-
5506552,+
4798263,-
5866260,-
1255089,-
2781867,+
5181174,+
93769,-
516139,+
2828831,+
3522762,-
6140817,-
5033018,-
3129920,-
2056944,-
5470250,+
4068384,+
6255708,+
726477,-
6080089,-
4534333,-
3035674,-
6063474,+
2694948,+
273810,-
1072875,+
3630191,+
387638,-
6249126,+
83799,+
5397467,-
5172249,+
234522,+
730497,-
4051379,+
2875908,+
5563960,-
1341479,-
4454741,+
5889011,+
2835517,-
6101252,+
1438850,+
4484812,+
4830434,-
2689979,-
5479663,+
1726066,-
814947,-
6144233,-
230748,+
1876365,-
2075969,-
17335,-
5065185,+
3358243,-
5295592,-
231280,-
439579,-
593146,-
4301839,-
2473451,+
1767925,-
3727495,-
5547946,-
2964728,+
5277878,+
4480185,+
1464329,+
5346446,+
3867881,-
5461756,+
1669336,+
813493,-
1053067,+
961482,-
1805489,-
3306399,+
1612530,-
3418812,-
1818025,-
3931331,-
4960151,+
6099328,-
675865,-
1580043,+
569498,+
1401048,-
4126190,+
5833528,+
4744870,+
3453312,+
4454188,-
4130636,+
353582,-
5000625,+
605563,-
4216205,+
2777410,+
476485,-
2071685,-
2006454,-
542657,-
3403183,+
3338141,-
3098789,-
3340214,-
2136234,-
3555743,+
2173920,+
5551309,+
713259,-
5714969,+
2284531,+
5141042,+
2805661,+
2117398,+
3973366,+
5260805,-
6207394,-
3905968,+
4974925,-
237154,+
4608211,-
2927644,-
5955026,+
3626142,-
2942206,+
1211980,-
1050666,-
136599,-
3471249,+
1789014,+
5871723,+
4781590,-
4615772,+
3582880,+
346708,+
3808264,-
5597713,-
1536443,+
690198,-
5058951,+
1835732,+
3540461,-
5677327,-
3570657,-
4455223,+
381010,-
2652243,+
4191278,+
2785970,-
5738752,-
4733465,-
953266,-
2115309,-
1163871,-
1992095,-
4426126,+
4340896,-
2997828,-
2240355,-
2073069,+
4593929,+
4929825,-
4805673,-
371316,-
3908811,-
4352683,+
1710425,+
1987894,+
1399324,-
195557,-
5410161,+
4858354,+
181849,+
422498,+
3754976,-
1814302,+
5696964,-
5224593,-
3161038,+
611025,+
5848647,-
1214858,-
3270813,+
2317231,+
3440528,-
2183975,-
107721,-
506651,-
3589732,-
4092203,+
3055815,+
6009614,-
146735,+
4479503,-
4080039,+
2688540,-
3944201,+
3988094,-
2855898,+
4774128,+
5247778,-
4179102,-
137443,-
2629209,-
4977179,+
3838222,-
3313837,+
3310131,-
158217,+
5182076,-
723857,+
5610556,-
1085339,+
2066030,+
832161,+
1983333,-
2014894,+
2139287,+
3112690,-
4391426,+
965130,+
2244079,-
3499994,+
3703549,+
2836552,-
481962,+
3251584,+
736378,-
1374498,+
2699534,+
233320,-
4228159,+
5482357,+
5306868,+
1232249,-
5494364,+
6092075,+
3671666,-
791481,+
4123275,+
1530728,+
1809465,+
955519,-
4084469,+
163318,+
4744922,-
4167594,-
184474,+
6035638,-
917334,+
5180014,+
4358723,-
924158,-
4016905,+
2158161,+
4674481,-
2775345,+
2260839,-
1302564,-
1852213,+
1512776,+
2094426,-
5490064,+
3419885,-
4669544,-
3190695,+
1289176,+
4283697,+
6154874,+
3377763,+
5576380,+
3553294,-
4334523,+
3172244,+
4909052,-
663665,-
2728477,-
2099085,-
3183651,-
745591,+
2628387,-
5645677,-
2581126,+
5034063,-
1600737,-
2514980,-
449105,+
3381949,-
1532388,-
4530009,+
3065142,-
1129563,+
1331085,+
1443891,-
2095333,-
2522874,-
4193790,+
5441853,+
4031886,-
126106,-
1835580,+
2290886,+
2804314,-
4287782,-
128277,+
995015,-
319776,+
970557,+
1727253,+
2364113,+
5940942,+
2614085,-
5596156,+
5549930,-
2948650,-
2796342,+
5536834,-
6019443,-
4239010,+
1907610,-
2697516,+
686837,+
1071376,+
1769857,-
806625,+
5586122,+
1582659,+
461043,+
2448939,+
6243733,-
117836,-
947764,-
2734613,+
4779592,-
3495612,-
2566882,+
4448292,+
3662059,+
38958,-
1784915,-
4626902,-
4074162,+
3246513,+
2934974,-
2786812,-
4634539,+
3104615,+
4970330,+
2843613,+
3897082,+
2060698,-
4512329,+
905040,+
4891839,-
3132246,-
4441353,+
1682948,+
1128143,-
3693661,+
1100324,+
1189161,-
5337459,-
662343,-
1653255,+
4438362,-
5948658,+
1095000,+
1450141,+
5155847,+
4580895,+
415389,-
3138190,-
2585304,-
4380422,+
2158196,+
3873663,+
1409453,+
1173003,+
2605783,+
420129,+
853228,-
4463457,-
5057547,-
5184029,-
2931668,-
4410322,-
5379986,-
5705678,-
1992868,-
2444200,-
3252093,-
3016416,-
5133826,-
559888,+
3318449,-
4565393,-
1266148,+
4932879,+
4471586,-
4937151,+
5708374,-
108706,+
5036765,+
6180860,+
4818239,+
5483291,+
1188804,+
3738097,-
4569419,+
1067336,-
5232459,+
1944380,-
6108609,-
2179670,+
697236,-
5091515,+
5128333,+
2727912,-
2970436,+
1635816,+
2748829,-
425655,-
5209900,-
729476,-
823331,-
2396958,-
262383,+
472347,-
1373287,-
138458,-
3284470,-
880695,-
1876426,-
140672,+
3464026,-
1048827,-
5216174,-
3910274,+
4140081,+
1561813,+
5970369,-
465253,+
3892352,-
865120,+
4737859,-
3202902,+
4080210,+
4076708,-
3948355,-
5951818,-
2369024,+
8509,-
999446,+
5292987,-
4431558,+
83296,+
4722192,-
5935061,-
4414855,+
4844465,+
4973294,-
2532503,-
2790677,+
2979443,+
960145,+
126685,-
4162887,-
5291946,-
4338457,-
5612110,-
1055105,+
1772467,-
940058,-
2016355,+
859571,-
5143769,+
365335,+
2464599,-
2810433,+
3220332,-
4531546,+
4059624,+
3092633,-
6052215,+
5817307,+
3958979,+
4929600,-
5413858,+
4093769,-
5206367,-
1662117,+
78798,-
4855545,+
6046253,+
4473129,-
3721138,+
2855692,-
1158185,+
3109120,-
5641014,+
316956,-
2988863,+
5998028,-
26346,-
941252,-
2917522,+
4039060,+
996492,-
2207414,-
4177052,+
3072252,+
669049,+
2061591,+
3880004,+
4210281,-
54333,-
5107497,-
2654456,-
5530069,+
3275306,-
4403244,+
1375179,-
5127365,+
1490390,-
1396732,+
5701854,-
1040722,-
965715,+
3478611,-
1713074,+
4578933,+
5345096,-
4958894,+
39346,-
4462340,-
1259550,+
5025585,-
6245726,-
5862284,-
1865409,-
5285980,-
3531177,+
3429310,+
3279081,+
2473890,+
3834271,-
2136157,+
4136982,+
5219341,+
3980817,-
4344412,+
6045924,-
3295055,-
1444380,+
4330156,+
2729208,+
1422896,-
5409458,-
3351135,+
3055555,+
3874114,+
3372045,-
3589454,+
2625816,-
4296883,-
1157697,+
3789546,+
3533596,-
3621579,-
4485051,+
2314982,+
2820172,-
5824537,+
3780573,-
1888607,-
567382,+
5107195,-
177074,+
2839232,+
4850450,-
336313,+
1769,+
4090374,-
1148771,-
4209481,-
6091119,+
442029,-
6101914,-
1699355,-
732903,-
5373429,-
4725686,-
3594409,-
3940513,-
5339683,-
106377,+
4250756,+
1838148,-
4967023,+
4873179,-
5023177,-
5496241,+
4696231,-
2093736,+
5761782,-
1083380,+
674789,+
5115385,-
4131146,+
3186598,+
5188707,+
3801489,+
4212463,-
4468549,+
50265,-
1168007,-
1180217,-
2580418,+
324717,-
2631509,-
4090974,+
2345171,-
5604130,+
4811707,+
3063289,+
2362161,+
3540985,+
1527463,+
984835,+
6108412,-
4682619,-
4927221,+
1511668,+
3457097,-
5147792,-
3394865,+
2390747,-
5264430,+
1718663,+
3793718,-
870164,-
1505966,+
3836232,+
4886981,-
2441552,-
3149751,+
5351173,-
5368096,+
3051965,+
6165667,+
5910502,-
5349578,-
139515,-
1967861,-
5910565,-
1781642,+
2405027,-
5363546,+
2270087,-
2663562,-
3572256,-
3349926,-
2653912,+
5565638,+
1340578,+
3001725,+
3488188,+
1315668,-
467277,+
4456157,-
2281638,+
3367017,-
5163543,+
2069136,-
5777230,+
5100927,+
6175196,+
5516564,-
4586833,+
375496,-
2909307,+
1529108,-
3871713,-
2065294,+
4561684,+
2716141,-
4024109,+
4350981,-
4154667,-
526249,+
4213813,-
967597,-
2359520,-
3882906,-
2337054,+
3498054,-
1761061,-
3962499,-
5477046,-
256990,+
1535251,+
93477,+
1918808,+
5457718,+
1598608,+
4663438,-
6206129,-
848523,+
841373,+
238165,+
2787419,-
658726,-
4563315,-
1182817,+
2065420,-
3712461,-
720127,-
1238430,-
5151367,+
5373309,-
4416281,-
2380818,+
4774990,+
2855874,-
1071709,-
2125414,+
4421197,-
3970277,-
2448364,+
1865250,+
4042528,+
2813078,-
3388058,+
3416209,+
4902492,+
4147314,+
4416705,-
2846332,+
3543994,-
3235786,-
2972317,-
451695,-
3765124,+
314586,+
530538,-
6055431,-
2579082,-
1495534,-
310940,+
658435,-
4898585,+
976009,-
605454,-
5289659,-
2774495,+
830608,-
1753141,+
3482558,+
3587788,+
5374402,-
2735856,-
4545302,+
3443184,+
4250421,+
2948727,+
469032,+
61973,+
2642528,-
741133,+
1418283,-
2967511,+
3841317,-
476716,-
3535308,+
1271369,-
4789920,-
4779333,-
765491,+
5764014,+
3158856,+
372868,-
5110641,+
5305084,+
2916138,-
3119915,+
5036766,-
2273050,-
4905596,+
412755,+
1787960,-
5934032,-
6178171,+
1927,+
5912896,+
1007064,-
380422,-
5204506,-
4966114,-
1055979,-
916442,+
2233719,+
300015,+
5191950,+
4198147,-
3563679,+
2965774,-
5569780,-
37967,+
3768908,-
4766445,+
3248247,+
3365372,-
1164413,-
1906995,+
1152510,+
5031977,+
1963417,+
52445,-
4028878,+
5166310,-
4954802,-
3118215,+
3419036,+
2038626,+
1088351,-
2453434,+
5322195,-
5405862,+
1995398,-
314840,+
4682361,+
1124317,+
5951250,-
939717,-
1634158,+
297021,+
2539285,-
4541701,-
1189367,+
2670530,-
5682941,+
1710822,-
3373847,-
1607235,-
5754183,-
2062103,+
67372,+
5031969,-
1407768,+
4949261,-
1964281,-
5747787,-
2248558,+
2495567,-
79866,+
4708350,-
4559972,+
5461442,-
842734,+
952982,-
3113920,+
4413265,-
3322194,+
348893,+
248132,+
5035146,+
5406351,+
4442213,-
4984322,+
4816560,-
2193511,-
6165944,-
2687155,-
5291541,-
5917113,-
3615398,+
835083,-
825683,-
3634429,+
3493670,-
5747638,+
4710725,+
6143320,+
541161,-
5274191,-
2799331,+
3266590,+
5362266,+
5164746,-
805259,-
4296881,-
396209,+
5992788,-
2493859,+
4626642,+
2006023,-
5819253,+
2054671,-
3116762,+
3747464,-
3085075,-
2246456,+
5077865,-
5807651,-
1584992,+
2538016,+
367704,+
1796331,+
4530603,+
1628583,+
2203306,+
5151575,-
2297356,-
2012092,-
3125105,-
2319056,-
1932012,+
4901330,-
4118608,+
4519897,+
3537341,-
5137657,-
3041942,+
2947918,-
5234206,+
1279166,-
6061715,-
2700097,+
5529012,-
4662352,+
257171,+
5048829,-
3196211,-
5172163,-
4572598,+
5538146,-
316440,+
2457412,+
4988966,-
4817987,+
6050093,-
4060416,-
3883715,+
3262791,+
408426,-
1998360,-
1093681,+
2016322,+
2339979,+
5454583,+
4187941,-
921651,+
1847206,+
2122254,-
348800,-
4879741,-
2345223,+
1856506,+
2190102,-
4847791,+
1023193,-
2646845,+
4265565,-
6097597,-
4241820,-
662179,+
4220730,-
513445,+
4517172,-
1730700,+
850741,-
103183,-
4815753,-
6113902,-
5041427,+
4110421,+
5558309,+
1228006,-
573084,-
6214711,-
1961562,-
3467344,+
6192195,-
3029846,-
1992458,-
882953,+
5644787,+
3404772,+
4902420,+
1493274,+
1371219,-
769913,+
523219,-
2011651,-
4542609,+
1566575,+
563227,+
3388689,-
4334857,-
1078910,+
5303679,+
3942926,+
2927240,+
4962480,+
428705,-
2884570,-
4889037,+
1195223,+
1530091,+
5172066,+
2848913,+
3675556,-
2707850,+
5093754,-
531498,-
494042,+
4199931,+
269988,+
3303598,-
3096465,+
4755443,-
4113844,-
5470154,-
6240665,-
5479148,+
3067781,-
2752370,-
2956497,+
5427753,-
3983426,+
4933376,-
2134978,-
3014935,-
440968,+
3823495,+
3322928,+
4277824,+
2608325,+
1138561,+
6193907,-
3709147,+
4617927,-
5077052,+
5570976,-
3576769,+
5733120,+
2882636,+
5401767,-
1711452,+
2763166,-
2854212,-
2181812,+
3392429,+
3068258,-
3725895,+
410313,+
5694157,+
5709302,-
4123032,-
5694052,-
1385072,+
3327894,+
2789546,+
1347675,-
3002606,-
574591,+
3296204,-
3496105,+
3776830,-
1960347,+
2854658,+
2194051,-
976221,-
401589,-
1697727,-
3120723,+
2347961,-
5604264,-
2351635,-
3044594,-
4892042,+
759583,-
1002215,-
4217167,+
4102432,+
1939290,+
4108216,-
2271259,-
338567,-
3622839,+
871964,-
5016253,+
5722676,+
217957,+
1138643,+
162164,-
2933497,-
5910572,-
12587,-
4789564,-
3174308,+
2015431,-
3208911,-
1781019,+
3655314,+
2455880,+
3003794,+
1735378,-
5069233,+
5002802,-
1474249,+
5842545,-
4010218,-
90957,-
5976608,-
3448456,+
4486533,-
3081499,-
4121996,-
5523529,+
1289056,+
843067,+
2343771,+
3280576,-
1312013,+
2880602,+
2495516,+
1988590,-
2396770,-
2971948,+
2634385,+
286458,+
5620909,+
3708803,+
1924348,-
5460232,+
1414981,-
1796672,-
3525606,+
1782324,+
3122910,-
2578561,-
469920,-
6191562,-
3047788,+
4091324,+
1695772,-
673838,+
4427453,-
2067521,-
4644037,+
1855815,-
4429412,-
4019976,+
1916705,+
4691786,-
6236853,+
5171804,+
2367073,-
1365951,-
2304220,+
6092347,-
12741,+
6011981,+
1517487,-
1006492,-
744680,+
3245641,+
4220320,+
1789368,-
1937417,+
5202494,-
3329483,+
4934303,-
5356034,-
505832,-
4312887,-
26071,-
1982769,-
3361997,+
2840993,-
2450669,-
2611132,+
4214030,-
2307224,-
943277,+
5846349,-
4064325,-
4270658,-
2670648,+
3855018,-
490338,+
2590176,+
1941488,+
1310961,-
3108686,+
4996766,+
1438411,+
3836847,+
4387163,+
5674810,+
3710958,-
3281493,+
885908,-
1171211,+
5419321,+
4597049,-
5643465,-
1114510,+
3194646,-
167469,+
389597,+
3345050,+
1276116,-
3184663,+
2330920,-
2635373,-
1997957,+
2778113,-
2639283,-
1213597,-
991602,-
109957,+
4808594,+
5748882,+
5487817,+
5558874,-
1962486,+
2979772,-
1946473,+
2227980,+
3943218,-
2788899,+
6228418,+
669962,-
1678615,-
1851026,+
1607766,-
1403223,-
290725,+
6155263,-
2224910,-
631982,+
2418562,-
799747,+
3076245,-
4896036,-
1432140,-
4864554,+
5993333,+
6182541,-
5966805,-
5439075,+
500284,+
1658413,-
1977428,+
4525412,+
2558503,+
6153699,+
3102211,-
1802702,+
4014004,-
1014747,-
6178092,+
672227,-
4460702,-
2181076,+
4786806,+
3993337,-
313397,-
5155499,-
3049467,+
5155483,-
899283,-
3842945,+
96838,+
5952366,+
2959539,-
1677389,+
5066419,-
5315735,+
3917410,-
51587,+
1056975,+
5422259,-
1041754,+
1484103,+
1410267,-
3468679,+
30501,+
3582461,+
580405,+
2908957,+
6239670,-
4031090,-
861670,+
1771575,+
2503207,+
4290420,+
1800838,-
6233088,-
518858,-
5002322,+
5180030,+
1793232,-
4431630,+
312662,+
5740485,-
4141500,-
1693152,+
5498020,+
5043247,-
4332987,+
5433239,+
1927358,-
2189075,+
4566330,-
676269,-
5903126,+
3013948,-
1978681,-
2957780,-
1154312,-
588458,-
1624574,+
5441244,+
4465250,-
2503169,+
2280380,-
1938591,+
3046643,-
4022508,+
3767477,+
2816820,-
4150803,+
1846447,+
5475279,-
2905863,+
251995,+
3311931,+
2978614,+
4598774,+
6083931,+
374669,+
4732921,+
2290561,-
5052461,+
5492897,-
2252572,+
1116676,+
1237346,+
1278722,-
1271545,+
4308528,-
5481118,+
905673,+
3310645,-
2564292,+
1640561,-
2373482,+
3182330,-
4249566,-
2832107,-
2454219,+
6202449,+
5172117,+
2075240,-
5507329,+
5369639,+
1646997,+
5508798,-
3785295,+
4079594,+
5706081,-
6117181,-
6222209,-
3943177,+
5404655,+
1804591,+
3066539,+
1539601,-
3112953,-
542651,+
623639,+
4928780,+
2979295,+
5221327,-
1113362,+
6241620,+
3386824,+
5686010,-
3417048,-
5193982,+
1584030,-
6043028,-
2940372,+
3909887,-
2590172,-
493698,+
4384725,+
3875821,+
3700339,+
2057076,-
4568754,-
867522,+
3847759,-
1939273,+
5173237,-
519964,+
6105512,+
6197387,-
5768100,-
2904664,+
1271267,-
6125771,-
4171485,-
5128542,+
2087002,+
4439474,-
6033566,+
1839487,-
1528581,-
4574208,+
721964,-
4967808,-
6154342,+
4213664,+
6242692,+
5109706,-
2150272,+
4090341,+
86049,-
3430183,-
3305997,+
5187170,-
4648896,-
5908231,-
3374570,-
5732955,-
3965090,+
4274876,+
6084294,-
4337856,-
3326378,-
3341231,+
3169117,-
4524519,-
3902064,+
1139201,+
2210966,+
4664919,+
1572245,-
1689733,-
5477367,-
4597612,-
1406019,+
5170112,+
3345106,-
3055569,-
4576028,-
4210256,+
976583,+
2740919,+
6252249,+
3027445,+
4336881,-
6137627,-
3788696,+
3942564,-
2904423,-
1060288,-
287703,+
2321546,+
622158,-
1678218,-
3032431,+
2736962,+
6099604,+
4550231,-
1679394,-
2026345,-
6002229,-
5154129,+
5812550,+
2849211,+
4927654,+
1242077,+
1791530,+
4628036,-
4369999,-
3766048,+
3855908,+
1177083,+
5028036,+
210118,+
1382620,+
4761452,-
4223124,+
416573,+
2340499,-
2816078,-
1117761,-
2138201,-
1398201,+
593864,+
333424,-
2372404,-
3887647,-
5337820,-
3082935,-
2367161,+
3879358,+
2614428,-
5739749,+
572254,-
415812,+
1830066,-
3446230,+
4806870,-
1641102,+
3357020,+
2476109,+
2709690,-
2390237,-
2496278,-
3939760,+
191877,-
843534,-
295620,+
4238865,+
1784332,-
4561490,+
4954677,-
1299086,+
3114773,+
1563684,-
68197,-
4784771,-
5287086,+
1837586,+
407664,+
2110167,-
5069434,-
668320,-
5023968,-
405693,-
2414797,-
5112427,+
3576374,-
1886479,-
2497829,-
39979,+
1341048,+
2651527,-
5608605,-
3329255,+
176408,+
626873,+
4080613,+
3196852,-
3173609,-
5397207,-
2809175,+
2753118,-
3480870,+
3593420,+
2178797,-
2855387,-
1507050,+
1870102,+
4598065,+
1298090,+
4034825,-
3118600,-
238675,-
3790492,+
3217868,-
3261452,+
82286,-
676312,-
3236576,+
2905874,+
414146,-
3712102,+
603943,+
1895044,+
5691636,-
5672219,-
4378437,+
1538331,-
5560786,+
1089044,-
1682139,+
2241415,-
1311577,-
3231036,+
4965160,-
5401841,+
5709921,-
2439230,-
5636373,-
4829602,-
1323651,+
5716434,-
5817761,+
5168703,-
3281323,-
4487752,-
4794269,+
5076379,+
2423748,+
3391669,-
4708299,-
819929,+
2679172,-
3562947,-
4652696,+
4505113,+
5169595,+
2509993,+
712184,-
5402298,-
5133213,-
5442739,-
5610675,-
3529802,-
4291009,+
641052,-
1278180,+
2541973,-
1396297,-
1756771,-
5804110,+
484203,+
3944445,+
559057,-
2329993,-
3381495,+
1119936,+
2571187,-
1113481,+
3904552,+
3598004,+
4212604,-
4516789,+
251632,-
1106217,+
1665183,-
5409701,+
5386446,+
3780357,-
2688895,-
4414447,-
4881082,+
5797959,+
72159,+
2192982,+
4638770,-
1769454,-
3819135,+
1913542,+
3215253,-
5772402,-
847,+
1094289,+
5723956,-
4227132,+
3604789,-
867501,-
1637364,+
1296476,-
2987536,+
5548759,-
4647023,+
5446641,-
5044886,+
2200308,-
3231206,-
2137899,+
108145,-
488906,+
1476300,+
4616282,+
856956,-
1041931,-
4845969,+
5904026,+
2150178,+
4406102,+
6099449,-
2210477,+
88950,+
2014268,-
5025400,-
3683066,-
3761742,+
6111377,-
1425194,+
1567206,+
2151132,+
1520193,-
3133742,+
2405229,+
212152,+
4712156,-
3161949,-
1148069,-
4018476,+
3847703,-
2962910,+
3708340,-
3188869,+
1496815,-
2378524,+
2937488,-
4443791,-
3776363,+
2444883,+
3482745,-
3432765,+
130289,+
296025,+
6187753,-
715140,-
5258578,+
2088798,+
4862200,-
3912172,-
4949477,+
1564847,+
3461723,+
729533,+
430066,-
4220770,+
5130653,-
123491,+
6012330,-
442462,-
410279,-
6033388,-
1728530,-
4394752,-
4784901,+
2766575,-
4036500,-
4681846,+
5266426,+
2608005,-
5825451,-
2303065,-
4961921,-
1256642,-
2253377,-
997919,-
4163493,+
5872623,+
1090721,+
5017425,+
1798133,+
5374680,-
2436683,+
3064501,-
2487377,-
969033,-
3593796,+
3709386,-
5673185,-
2755315,-
2693342,+
5323768,-
2963817,-
5661203,-
5630299,-
1066190,-
570382,+
1714825,-
1550090,-
626300,+
4117132,-
1637477,-
4789849,-
4484968,+
2503678,-
3920158,-
1645366,+
3237972,-
423478,-
89491,+
1763482,+
5816175,+
2092624,-
1911634,-
3565986,-
6046032,+
474308,+
5553085,-
1434340,-
5089646,-
5874267,+
4697600,+
622601,-
5673521,+
4259479,-
1910148,-
3027735,+
3765276,-
1804934,+
1793801,-
3525855,-
792676,-
1938450,+
1686344,+
1206179,-
3101494,+
155418,+
4319083,+
5352324,+
4479895,-
2173232,+
111112,+
3444043,+
3069864,+
3567033,-
5742127,-
4530118,-
3865994,+
4101030,+
2878892,+
5284756,+
2998370,+
743254,-
3802944,-
859187,+
4011884,-
367019,-
3066375,-
1164573,-
4300955,-
5978582,+
4131235,+
4500503,-
6010513,+
4280781,-
1227718,-
5500846,-
83792,+
1268234,+
6037360,-
5420142,+
2646079,+
3489909,+
1537741,-
931888,-
1240670,+
553532,-
542141,-
2643188,+
5233850,-
829086,+
157910,+
5527612,+
5865471,+
3893199,-
1271478,+
4123155,+
3397216,+
4935832,-
1190578,-
1550231,+
2750268,+
2108811,-
5234999,-
990207,+
3660156,+
4904602,-
4045035,-
3408677,-
147318,+
4164039,+
1446075,-
3365220,+
2756929,-
4064163,-
3498489,-
2829411,-
4268352,-
4818178,-
3645264,-
1990873,+
4216213,-
6083718,-
2903436,+
2070227,-
4601956,-
6009502,-
3923027,-
287138,-
1867741,-
671892,+
1144133,+
5973899,-
4422183,+
6237584,-
1830554,+
3142809,+
2691160,-
3995631,+
462212,+
5233294,-
5832532,-
5560965,-
4523585,+
4593147,+
5267194,-
2775682,-
3458683,+
559444,-
2006403,-
3553645,-
2273900,-
1265993,-
215016,-
2920782,-
663093,-
2776322,+
4986950,-
1404317,-
890316,+
679742,+
4033546,+
3539896,-
5923428,+
4227754,+
5937847,-
560883,+
3381041,-
2123354,+
4624841,-
4654710,-
1956010,+
2467564,-
1302595,+
3405437,-
4895075,-
1893142,+
42971,-
6053187,-
44515,+
2773477,-
5230822,+
528673,+
187762,+
3990140,+
106383,-
1262598,-
2299490,-
3544960,+
3608603,+
5219657,-
3725561,+
4938838,-
2592806,-
2404135,+
1517031,+
42454,-
6211501,-
1765673,-
177181,+
5404725,+
776817,-
5957084,+
101848,-
5040465,+
4406406,+
2606114,+
288755,+
3996989,-
157257,-
4296669,+
3666973,-
5907318,+
3646194,-
857214,-
5511978,+
102133,-
3277454,-
2713831,-
3802218,-
1377435,+
3436229,-
3818797,-
992159,+
6008932,+
1108882,-
3271258,-
851292,+
3657755,-
2267426,+
2412260,+
5590342,+
2169369,-
5747244,+
367815,-
3402673,+
913451,+
882226,-
5379805,+
3462263,+
3736384,+
1172790,+
4899670,-
1554824,-
486093,+
576428,+
2726469,-
6077735,+
4252620,-
1836371,-
3353277,+
4686953,-
3125551,+
3775108,+
1731981,+
2724070,-
3069849,-
4318637,+
4142406,-
3552547,+
4970195,-
2949825,+
251716,+
160665,-
5067404,+
653575,-
4131396,+
6252951,-
2815414,+
5475594,-
2600395,-
3168489,-
1771297,+
5457228,+
874245,-
2901060,+
4716009,-
470333,-
2037381,+
2506163,-
5235293,+
4364887,-
2175124,+
428069,-
1481202,+
3086645,-
5587976,-
2204031,+
1943131,-
4983333,-
2639060,-
578063,-
101461,-
2854586,+
6086869,-
3481129,-
4704836,+
530954,+
3233017,-
1214455,-
377762,+
196135,+
1995506,-
2493315,-
969360,+
1939518,-
178496,+
1810264,-
3203965,-
5013093,+
745432,-
6126112,+
5140833,-
3895303,-
5586419,-
3512848,+
3667825,-
4387960,+
5704098,+
4418254,+
5698406,-
312191,+
6049448,-
4560874,+
5609224,-
4558913,-
767867,-
6233447,+
4341478,+
5889643,+
1845637,+
1545608,+
4289950,+
3843020,-
2353735,-
2984610,-
5474854,+
3624726,+
4029088,+
6257342,-
4329281,-
2603027,-
1132407,+
4966198,-
4148442,-
3502802,+
3484456,-
1692411,+
3899868,-
607914,-
1028485,-
3359421,-
4110128,+
3202467,-
4615740,+
1597081,-
3078797,-
4246845,-
3043699,-
163057,-
5982571,-
3843276,+
4400078,+
2333865,-
4233772,-
1561755,-
444185,-
5341407,-
2156591,+
1181912,-
3339080,+
859096,+
1757144,+
908571,-
624687,+
1732102,+
2992485,-
5187116,+
6035551,-
2051574,+
2415608,+
4115584,+
1198962,-
3075483,+
5898477,-
2933290,-
2045395,-
3994648,-
2149202,+
2941506,-
808360,-
4700871,-
2715711,-
3932093,-
899981,-
3082617,+
2168280,+
3474579,+
4124048,-
4245474,-
3504859,-
2086796,+
5585336,-
3589749,+
5580270,-
4664322,+
4663043,-
862674,+
4493108,+
5052114,+
6076381,-
3562573,-
2869990,-
4593876,-
333313,+
2826993,-
4108309,-
672385,-
4114673,+
122923,-
822937,+
3642446,-
6127734,+
4840733,+
5986846,-
5109672,-
3086551,-
789722,+
4295668,-
4414087,-
2685691,-
1307248,+
869954,+
4418438,-
3436767,-
1479379,+
6113745,-
75190,-
4065985,+
1778181,-
6161718,-
538708,-
873565,-
559459,+
433806,-
4977718,+
1135053,+
3688903,+
4489878,+
1042485,+
3219822,-
5976777,+
2867393,+
3779022,-
2439664,+
216674,+
4427647,-
2654448,-
4848892,-
5923068,+
603246,+
1110461,-
5835698,+
652056,+
5694666,+
3135449,+
619472,+
1141408,-
3097626,-
2925226,-
4594829,-
1046567,+
375035,-
4686207,-
3121019,-
215577,+
3200224,+
1580220,-
6046224,-
905001,+
5219392,+
508224,+
3044720,-
498182,+
451187,+
2877226,+
4336814,+
1291491,-
2856438,-
3870103,-
5646901,-
2139869,-
4279174,-
5285051,-
2312925,-
4331543,-
2088362,-
5530079,-
1253412,-
5251474,-
704683,+
359057,+
5369560,+
6031905,-
2297582,+
4334187,-
3232177,-
4654417,-
5762632,-
5357390,-
5960445,+
205253,-
3867529,-
5236903,+
5692905,-
5734215,-
1989748,-
5305849,-
5734368,+
5554843,-
4624632,+
2291022,-
6224526,-
3355673,-
4611015,+
3764483,-
2484575,+
4648852,+
1913856,+
3223386,+
1283209,+
2598910,-
5488505,+
605365,-
5806616,+
5989307,-
2711308,-
2849006,-
218124,-
3884856,+
2857312,-
1232256,+
3896431,+
1698023,-
5598209,-
4333309,+
6173094,-
2153497,+
3460159,-
6064871,+
2351858,+
1790882,+
2232187,+
4100068,+
6043705,+
1205053,-
1256084,+
4302022,+
5110825,-
3409477,-
4930734,+
6090908,-
1036082,-
5933529,+
390919,-
2944135,-
5466548,+
5831881,+
1479918,+
6044219,-
6200905,-
724432,+
6041818,+
3206590,+
6182387,+
3133344,-
2279815,-
4809495,+
3862271,-
707401,+
5581751,+
2982539,-
1348856,-
1187329,+
163306,+
5068994,-
2729871,-
921790,+
1930556,-
6106911,+
3084869,+
6128021,+
4936698,+
5803557,-
4790483,-
3819927,-
4789675,+
3123470,-
1248986,+
1325977,-
4956358,+
5971789,+
2486166,-
2405782,-
468247,+
3123294,+
3121387,+
4792777,+
545644,+
3894056,-
6023757,+
5169221,-
4607518,+
127315,+
5069678,+
1897276,-
3306174,+
1317264,+
1697231,+
5917611,+
571067,+
3046189,-
1215423,+
326831,+
1246406,+
6240854,-
2287420,-
2799766,+
218925,-
5327424,-
3948928,-
82379,+
2818691,+
1036017,-
4909118,-
2905622,-
4741205,+
160481,+
4347592,+
4243660,+
5402996,-
332908,-
4245760,-
2482043,-
3295922,+
5386354,-
3705874,-
3080909,+
1135299,-
254720,+
1317379,-
1164163,+
15122,-
521553,-
1655320,-
1205413,+
5612202,-
3818558,-
188676,-
2241633,+
5063935,-
3885594,+
4511637,+
5391830,+
2351869,-
6125390,+
884781,+
4266459,-
1878546,-
3345107,+
1167452,-
1832002,+
55482,-
6042729,-
564641,-
5308467,-
4887816,-
4240779,-
5933523,-
6224762,+
4335256,-
4130400,+
1324671,+
2054261,+
3617021,-
4648752,-
62987,-
2752848,-
4376935,-
5030402,+
5468360,+
5456143,+
3051560,+
3087575,+
2545661,-
5087291,-
4936638,-
2423774,-
3752554,+
2415522,-
4888435,-
1866139,+
1486173,+
4009158,-
560775,+
1164029,+
5269417,-
5859495,+
5993790,+
3016824,-
4538557,+
924015,-
3065995,+
3502609,+
991375,-
3552570,+
395832,-
4789238,-
1187580,+
3121898,-
6066974,-
948758,-
1072738,-
3813808,+
2870070,+
699042,-
3173881,+
2048524,+
2580965,-
3099310,-
2629812,+
5924526,+
4979813,+
1511070,+
1786857,-
3988769,-
1141157,+
469921,-
4284334,-
2983951,+
2510578,-
6135636,+
4305106,+
2239193,+
2250779,-
56533,-
3057743,+
4619306,-
4207270,+
2342050,-
6091994,+
525393,-
6261802,-
4297081,+
514450,+
3779917,-
4197114,-
4034768,-
4578221,-
1855802,+
429876,+
6039823,+
282318,+
147531,-
816902,+
1972134,+
2737542,+
1549686,+
431786,+
367232,-
5268501,+
4652642,+
1069750,+
4937686,+
2472971,+
3607544,+
2024008,-
5366831,+
762754,+
916343,-
1037553,-
1408997,-
6044267,+
1799295,-
4514376,+
56211,+
5268716,+
4867713,-
3630758,+
3551492,-
56971,-
2171651,-
5770662,-
341079,-
1065946,-
5367005,+
3954755,+
4019559,-
3418196,-
4518961,-
4937741,+
5772171,+
4591005,-
4015355,+
3649099,+
3295929,-
901293,+
3098998,-
4602166,+
3293880,-
6043782,-
1255765,+
1489685,-
4281708,+
3112794,+
4894344,+
1355453,-
2760675,-
4247686,+
2934406,+
3873849,+
4182058,-
2918242,+
283652,+
564802,+
255417,-
3326127,-
5210443,+
5091959,-
5138943,+
3287299,+
4669778,+
2291084,+
2233960,-
3705308,+
1511093,+
1775768,-
193755,+
4547642,+
69510,+
991249,+
2230235,+
4307885,-
1538651,-
5462242,-
4243668,-
2905595,-
5542002,-
4418595,-
3949619,+
3937073,-
1791000,+
2729857,+
5708902,-
5332017,+
4250496,-
213653,-
3623604,-
283603,-
726609,-
2761890,-
816390,-
3681487,+
4629925,-
326764,-
841840,-
4892284,-
959467,-
3410126,-
5945936,-
2185494,+
5698120,-
4305530,+
1348827,-
99853,-
2240290,+
2653116,-
99906,-
4140821,+
8510,-
3148677,-
2088377,+
1270621,+
4307816,+
299491,+
4915465,-
5376622,-
3874105,+
5309138,+
581980,+
5905816,-
3364970,+
4528592,+
3308317,-
6040745,+
2086751,-
3138734,-
5126054,+
299318,-
2913842,-
184457,-
225247,-
1420214,-
660246,+
3057897,-
3607475,-
2843723,-
5513606,-
3705564,+
781169,+
3672646,-
5017019,-
2961902,-
958295,+
2342427,+
4629848,+
1525578,+
5544845,+
3368525,+
3294257,+
3725438,+
3081624,+
1625845,-
4989040,+
4494478,-
4406664,+
630138,-
447377,-
3089643,+
5991153,+
3185160,+
1787245,-
6171558,-
4095149,-
1947327,-
5382660,+
2400580,-
407178,+
5093082,+
6106974,+
3843383,-
496659,-
1006655,-
3915653,-
901879,-
726172,-
3937181,-
3215392,+
3414110,-
3962759,-
690681,-
4253579,+
5264981,-
1878452,+
3409192,-
3631598,-
1485764,+
4555185,-
5030354,-
901795,-
4673400,-
5585603,+
1664914,-
6039816,-
5168744,+
1503418,-
3560598,-
2977602,+
3621478,-
5117933,+
2947734,-
123686,+
5953016,-
5872899,+
5265410,-
5687459,-
356529,+
2632939,-
3819119,+
4654396,+
5148712,+
3641826,+
2510387,-
4839355,-
6191083,-
1037526,-
2070627,+
3173309,-
5617518,-
5660181,-
3873852,-
184332,+
726624,-
806788,+
1892095,+
5777914,+
5170154,+
675385,+
5859463,-
4514626,-
6224851,-
3085083,-
4790866,+
5506639,+
2877443,+
2312777,-
5269616,-
783897,+
1164272,+
4510836,-
5208077,-
4617048,-
3182981,+
2390092,-
1623234,-
5450691,-
948674,-
3776935,+
1096780,+
4792483,-
1516323,-
5689717,+
1246550,-
4267038,-
2416346,+
1094132,-
989547,+
1039705,-
2967159,+
1117814,-
5391717,-
1730145,-
2959250,+
400147,-
5176403,-
2487336,+
1340801,-
3088262,-
389149,+
2756436,+
1093206,+
4326689,-
5203469,+
5146642,-
2116339,-
900222,+
893031,-
3705329,-
5660329,+
4406498,+
1503487,+
1369338,+
6238323,+
247168,+
346765,+
3791047,+
1456866,-
3824638,+
4447120,-
4545437,-
747094,+
371875,-
1414692,+
3379737,-
68845,-
788612,+
3051646,-
848253,-
1489656,-
5131245,+
4692114,+
958305,+
4961136,-
3237796,+
4241316,+
734006,-
6241827,+
749854,-
2012630,+
901109,+
5450682,+
781200,-
4558268,+
3156495,+
2287415,-
5375507,+
3813755,-
5044009,-
3167982,+
2836077,-
638844,+
3819972,+
4602307,-
264589,-
5817142,+
3122818,+
2753394,-
2251249,-
690717,-
2182112,+
4666288,+
4835142,+
5775060,-
3979649,-
3483493,-
82248,+
5136267,+
4629642,+
2155338,+
914374,-
245785,-
3684825,-
1479956,-
2117380,+
6173258,-
5148938,-
5149609,-
5916890,+
4678143,-
2404347,+
4792537,+
6110933,+
1638341,+
5867811,-
4327590,-
1733897,+
6056791,-
2357823,+
5579561,-
6086993,-
3672768,-
2005180,-
4683644,-
439,+
900363,-
4632783,-
3094238,-
2939593,+
551811,-
5565430,+
5141677,-
2562148,-
55138,-
414,+
824370,-
5089980,+
1633506,-
1078202,-
4006437,+
4681259,-
375806,-
2269373,-
2845959,-
5283075,+
3523995,+
1416911,-
2272377,-
4969621,+
4974054,+
4326771,-
2760203,+
726452,-
944644,+
6226197,+
900363,+
2206849,-
3895321,+
994110,+
4989124,-
3504873,-
15505,-
5480370,+
3907186,-
3945904,+
1288668,-
1878829,+
3543714,+
1135386,-
2754291,+
3414053,-
4890169,-
1730042,+
6044773,-
2195479,-
5269340,-
805643,+
5825847,+
6191109,-
4432544,+
4321332,-
5418336,+
5194251,-
1065588,+
288276,-
3073142,-
1369373,-
5884424,+
5267500,-
3552046,-
60606,+
1997193,-
1135254,-
5455155,+
4662680,-
2361403,+
6073409,-
1254840,-
2332248,+
2725872,+
4957661,+
564816,+
8508,-
4577395,-
224083,+
3996757,-
4016289,+
5072244,+
2185428,-
5353746,-
949715,-
5036103,-
4539831,-
451109,-
5139047,+
3138856,+
3391187,-
402011,-
4194425,+
6217311,+
630271,+
732949,+
6053280,+
600325,-
1257516,-
2212648,+
5541795,+
4988994,+
4474875,-
4844223,+
3618921,-
4466272,-
5267794,-
5224638,+
1151428,-
5905822,+
2120057,-
2240294,+
413356,-
5744868,-
3082225,-
3494499,+
5739866,+
723819,-
5030469,+
3174056,-
5140592,+
5466730,-
2959283,-
784520,-
3112769,-
5116731,+
4992807,+
6075215,+
1737426,+
40976,-
6227586,-
1681912,+
804353,+
3112712,+
724957,+
5146672,-
206959,-
1638348,+
1730031,+
4956492,-
5242631,+
2239492,+
4989203,+
65029,-
3893008,+
3865851,+
4663614,-
3566157,-
3729288,+
3366955,-
1269746,+
1098312,+
4426881,-
4434015,+
3875997,-
1837236,-
4626409,-
5276809,+
5879999,+
1712715,+
3147683,-
4780761,+
4240947,+
2433731,-
2997740,-
3067724,-
2629588,-
6125236,-
3150552,+
4663649,-
5230041,-
5130998,-
1937696,+
2019736,+
1771061,+
4561511,-
5264419,+
1498021,+
1381473,-
3719273,-
2143150,-
2472162,+
2605906,-
560739,-
1797042,-
946930,-
5885188,-
2551339,+
4418601,+
3173310,-
3573909,-
5983707,+
5163780,-
5618436,-
1245943,+
540820,+
1135365,-
4887634,+
1520961,+
2239615,-
1855785,-
1577536,-
1215782,-
5835235,+
5275747,-
3793089,-
4257585,+
801166,+
1601906,-
4223417,+
1996956,-
2003820,+
4629679,+
6056482,-
3515388,-
2412454,-
5036979,+
1986858,+
5810050,-
3074528,-
1357094,+
4667864,+
3047975,+
3747101,-
4705886,+
5694500,-
3950106,-
2904921,+
6224837,-
2799782,+
547342,-
586871,+
990917,-
1509484,+
406166,+
4396117,-
6173316,+
245925,-
514603,-
2753377,-
3167992,-
1155557,+
2282095,-
2188430,+
1894153,-
1623197,-
1582511,+
6223172,+
5208365,-
3173657,+
4490535,-
1257740,-
1286818,+
5249592,-
5431302,-
2928367,+
5403154,-
5775164,-
5050801,-
4652536,-
6025293,+
1456774,+
446230,+
1123147,+
3236075,-
4389156,-
2928263,-
5645567,-
1067952,+
804326,-
1463491,-
1814967,+
2568888,+
695051,-
4062947,-
2937475,-
6211834,+
5917521,-
4888607,-
2883156,+
2799760,+
3044771,-
3138956,-
898773,-
3460276,-
440571,-
1636324,-
3590357,+
3051850,-
3650723,+
2558481,-
3378328,-
517508,-
3081376,-
3366853,-
2944075,-
2070616,+
1198574,+
2282142,+
2950953,+
5297622,+
2390623,-
4528564,+
1550865,+
2915845,+
263655,-
3109374,+
2285354,+
1947646,+
4103625,+
2928131,+
1520989,-
1749193,-
1198641,+
5284334,+
236212,+
5741501,-
2923950,-
384658,+
5433512,+
1381467,-
5775237,+
1630826,+
2982503,+
3588471,-
1882578,+
425391,+
273677,+
4670935,+
3418193,-
1526355,-
3611926,+
1007635,+
3677642,-
5647521,+
5922452,+
2907639,-
477870,+
2336194,-
66100,+
3208289,+
827328,+
3193725,+
4296935,+
488728,-
5885314,-
5491287,-
3040173,-
1942967,-
2282138,+
4632305,-
2405880,+
6043432,-
5788530,+
6023896,-
3015542,+
4191586,+
4507840,-
5884492,+
3945913,-
4447008,+
1068145,+
3759902,+
2965166,+
2633751,+
6183644,-
883729,+
2756468,-
636274,-
3129407,-
5390118,-
5517786,+
2358011,-
5844443,+
6038042,-
6041991,-
3249704,+
4057128,-
5495788,+
507260,+
4008608,-
1445781,+
2155315,+
4205946,-
68934,+
1937708,-
5268592,+
1486122,+
2833135,+
5433956,-
2293141,-
3852594,+
3089786,-
1999500,-
1830792,+
703364,-
999789,-
2568464,+
4102463,+
5830787,-
4792634,+
2116693,+
3962566,+
4246219,-
1401284,+
5472599,-
4194891,-
2219719,-
4199645,+
4327593,+
1020567,+
3315722,-
5418804,+
1618328,-
5762576,+
4103514,-
5917662,-
1489265,-
1567166,-
3707071,-
5643744,+
5910363,+
1664912,+
2272349,-
515050,+
3265683,-
1248792,-
3494506,+
2522738,-
1238743,-
1937925,+
6043146,-
913769,-
3016054,+
5386881,+
2229079,-
3669767,+
3832709,+
1503552,+
2742380,-
3670677,-
2366071,-
2405856,-
1061052,-
3185157,+
965574,-
2364267,-
2070548,-
2967056,+
4613986,+
2843481,+
712058,-
5718535,+
1851977,+
177171,-
3535123,-
2361251,+
5456310,-
4652525,+
3778087,+
3964251,-
471767,-
4488351,-
5266632,-
699574,-
1303444,-
370519,+
5647429,-
2329285,-
176113,-
2480788,-
1912844,-
2824194,-
6220987,-
5725299,-
6008787,-
1542760,-
4223313,+
4304540,-
188946,+
6038021,-
4096008,-
5483796,-
724616,+
5136316,-
796821,+
923881,-
701455,-
6226240,+
3081567,-
5125995,+
5766347,-
5282724,-
2036394,-
1100889,-
3659762,+
1480157,-
2314438,+
5284063,+
4373576,-
712021,+
4368796,-
352273,+
5542048,+
2628194,-
4286738,+
2487315,+
5036213,+
4792119,+
1201286,-
4989041,-
3753652,+
1947297,-
2269435,-
6055458,+
4974624,+
2341713,+
2028091,+
1215189,+
362975,+
6066813,-
334481,-
4434109,-
630091,+
6119931,+
3874361,-
3146092,+
2291064,+
4554456,-
4183550,-
6173331,-
5087295,+
3108841,+
3062830,+
4112141,+
267610,+
3081829,+
1205046,-
1575246,-
3768027,-
955950,+
1891887,-
1446974,+
1796004,+
3650896,+
1526397,-
782130,-
921585,-
6181577,+
3697251,-
5366882,+
1249811,+
3573891,-
5702203,-
4890107,-
6071707,+
564833,-
1712878,+
2846109,+
193777,-
173494,+
6051559,-
4010490,-
2934492,-
99763,+
4166358,+
73442,+
5265316,+
5293712,-
705972,-
816386,+
3671085,-
1243497,+
1267146,+
779250,+
3403658,+
1928795,-
4376908,-
2916864,+
5813715,-
5391555,+
2153450,-
3995744,+
5067936,+
70654,-
1824771,-
3251410,-
4267044,-
1464079,+
2070644,+
1020655,+
3767962,+
3206300,-
4295609,-
4878720,+
2558777,-
2093426,-
4052687,+
3472905,-
1516225,-
3677395,-
6211845,-
620534,-
3109297,-
4648603,+
1363297,-
2877988,-
2361629,+
5731993,-
2721745,+
4788491,+
94861,-
1985963,+
5265126,+
1325977,+
3808955,-
5248850,-
496541,-
5196893,-
5141731,-
1802520,-
2420420,-
5958337,+
1825484,+
4230052,+
2551344,+
1645116,+
1215424,+
1707686,-
5986404,-
298586,+
3122666,+
1270567,+
3888127,-
3132187,-
5544903,-
3106793,-
2059424,+
1025362,+
4584892,-
5593451,-
1558145,-
3470488,+
5911046,+
5276039,-
5224538,+
5601023,-
3083301,+
2007583,+
1359436,+
4225616,+
4152528,-
3677364,-
1659369,-
3528320,+
4431983,+
3504768,-
3725498,-
3808910,+
5744813,+
6044223,+
5173588,-
5265859,+
5295042,+
4956087,+
3025636,+
236062,-
1060370,-
3994483,-
6226024,+
2944230,+
6145158,-
2568286,+
6041876,+
4977591,+
103980,-
2702155,+
4207280,+
4697954,+
3547128,-
15123,+
4335246,+
5186367,+
3357641,+
267617,-
6091784,+
3475754,+
1456826,-
1087399,-
5970672,+
3208650,-
36997,+
1348407,-
5086899,-
60576,-
623838,+
1720525,+
212086,+
3281940,+
3551795,+
4160277,-
1947095,+
1830773,+
4602313,-
2122530,-
4241118,+
5311345,+
4742420,+
168116,+
5210361,-
17304,-
2179815,-
3575872,+
5210085,+
5985651,+
903647,-
4785693,-
413340,-
3772953,+
2753100,-
703155,-
785541,+
1598215,-
5172079,+
4539278,-
204559,+
2967067,+
3527040,-
3649432,-
5264535,+
4078750,+
4792798,-
3075317,-
1257513,+
1707811,-
683541,+
297906,-
3326122,-
2889141,+
2652171,-
5338969,-
3659893,+
3320042,-
2737853,+
4048377,-
2979405,+
5412460,+
2904552,-
2351836,+
1697124,+
301,-
4629329,-
1633746,+
6093984,+
3582090,-
6096619,+
4552811,-
2855339,-
3271711,-
2855345,-
649294,-
143351,-
5804973,+
4969726,+
4887266,-
1696344,+
788754,+
2926657,-
2982292,-
4333050,+
1445285,-
5292037,+
5528547,+
798876,-
2192346,+
4663815,-
4406485,+
2148780,+
918532,+
1117594,+
797893,-
2880484,+
232003,+
5831832,+
1707543,+
809509,-
870232,-
6173019,+
6123661,-
1072103,+
3171544,+
6125204,-
2923332,-
1526765,-
2707282,+
3110647,-
53525,+
791354,-
325607,+
5345034,-
740164,+
25706,+
5659220,+
1249559,+
5401807,-
564802,+
2003663,+
2961158,+
5871150,-
1684022,-
5131322,-
3051381,-
4291339,+
251729,+
169324,+
2729936,+
5166780,+
6161975,-
732949,+
1045616,-
5900873,+
794378,-
1973465,-
6121161,+
287046,+
2260677,+
3049249,-
1112456,-
4227283,-
2075449,+
2829165,+
593161,+
5215069,-
1436561,-
1486092,+
2122530,+
4362993,-
4652676,+
1246502,+
161747,-
2097327,+
4624322,+
4776523,+
3705847,+
377231,-
762832,-
34583,+
2149856,-
3996741,-
5222425,-
5918176,+
6041336,-
768348,+
6038035,+
5494317,-
1974769,+
5176310,-
6045118,-
3208277,+
1988862,+
264748,+
4389129,-
1238832,-
4198625,-
3605563,-
2506579,-
1618337,+
3762690,+
4581351,-
4057540,+
5687060,+
2756901,-
4359112,+
2829206,-
2478230,+
3152197,+
4793068,+
3117152,+
6240651,-
3571613,+
177235,+
6058638,+
4288655,+
3409236,-
1987774,-
236078,-
5805064,+
2807384,+
4433311,-
6040893,-
1122283,+
2116988,+
298715,-
6033159,+
2964603,-
2918645,-
3958868,-
4514452,-
1069333,-
5727238,-
4364214,-
5308820,+
6105062,-
3944579,+
2149265,-
1766276,+
870196,+
5080401,-
3299184,-
2122241,-
3195836,+
3085689,+
5176334,+
4721586,+
1291703,-
2855390,-
2893267,-
1242685,+
4032309,+
5891004,-
5086967,-
5252664,-
4788868,-
689425,+
4881273,+
65662,+
672561,+
721913,+
641044,-
5917556,+
1020577,+
6247721,-
1445374,+
811258,+
3081870,+
3192661,-
2119979,-
5779727,+
6024676,+
1474009,+
3369020,-
5848371,+
1872295,+
1767922,-
2326331,+
151929,+
3889855,-
5927195,+
1932982,+
5080300,-
1619873,+
3671149,-
351602,+
1087203,+
143402,-
138799,-
4455878,-
1703300,-
4494445,+
2415536,+
4221874,-
3146141,+
602267,+
5640951,-
3490048,-
921619,-
2859764,+
1205572,-
2077605,+
665935,-
1007904,-
5953220,+
3216311,+
2059562,-
3216421,-
3677355,-
1127605,-
788632,-
4389029,-
4112269,-
4687622,-
2904981,+
3434324,-
4406592,-
5313606,-
3688682,-
1090564,-
4621043,-
5193165,-
5065399,-
5466687,-
2799780,-
1802655,+
1501329,+
5225892,+
2472328,-
2506601,-
1284459,-
517681,-
4295158,-
2404865,-
4255447,+
521476,-
1478832,+
1559945,-
1805724,-
1340725,-
4538831,-
1248618,+
6042185,+
5950410,-
471268,-
627781,-
2137809,-
2226550,-
1803048,+
3617334,-
4965034,-
72646,-
3403760,-
3312650,-
5859538,+
3119943,+
2629673,-
2117072,-
4403484,-
4931742,+
5885141,+
1069616,-
1794873,+
5264269,-
1061004,+
332995,+
5141270,+
3569053,-
2118372,+
971807,+
3974185,+
5523864,+
3025835,+
1063791,-
279553,-
2969426,+
4548877,-
5338951,+
5683426,+
3944005,+
6183561,-
3251620,-
3057614,+
999776,-
351597,-
4830764,+
3730166,+
1068031,-
6040638,-
2759361,+
1192044,-
2433705,-
3043420,-
901137,+
805744,+
6223146,-
5708938,+
1501125,-
738640,-
1549698,+
2208082,+
367178,+
4788484,+
3087991,+
6091722,-
2698285,+
3237605,-
3103639,+
722105,-
835482,+
143342,-
2241747,-
5962680,-
2623655,-
1649569,+
6042527,-
389174,-
3575873,-
3016867,-
252893,+
5883619,+
4877626,-
3083351,+
848279,-
4161009,+
6019129,+
2601170,-
4606825,-
184251,-
4296132,-
2752911,-
5708946,+
1603577,+
266573,+
5309277,+
1293174,-
1827199,+
3624641,-
471991,+
5848562,+
5323119,-
5803545,+
906750,-
6191176,-
5268309,+
6091435,-
4955572,+
4968705,-
796829,+
4300048,+
3332566,-
3672798,+
5433468,-
4219811,+
2556848,+
1369253,+
6135438,+
2922802,-
2230310,-
1481123,-
797186,-
1087176,-
2753866,+
2623530,-
804186,+
727062,-
4552658,-
2977499,-
4295972,-
5680829,+
5744888,+
4304594,-
1980103,+
5203587,+
4648953,-
3141597,+
517829,+
4194895,+
6110702,-
5749410,-
2721910,+
4296520,-
4219673,+
709242,-
724226,+
5820861,+
725921,-
3112846,+
953450,-
3008744,+
848199,+
5437746,-
1784079,+
204488,+
3530465,-
1886140,+
4569898,-
5097529,-
60224,+
6074144,-
903588,+
4873247,-
989576,+
4207308,-
3183977,+
3705863,-
2330506,+
2149458,+
612470,+
5561576,+
4281869,-
3146137,-
4503904,-
6110787,+
581956,-
3056787,+
5705725,-
3950189,-
2702129,-
2143112,+
2222802,+
1349281,+
367423,-
5065476,+
3265603,-
223856,+
2104357,+
4332612,-
891133,+
5087131,+
1610736,+
3072032,-
3325300,-
4792374,-
6112297,+
3284645,-
3979492,+
4887798,-
3844981,-
4927029,+
3889110,-
5754223,+
5924562,+
55291,-
3705506,+
4333173,+
4413073,-
5986318,+
1215888,-
883274,+
2756861,+
2623754,-
3207222,-
5284338,+
2226611,+
3528310,+
2241358,+
304084,-
5645578,-
4514628,+
4933803,+
3281923,-
5772249,-
5276169,-
1308039,+
1803093,-
3214257,+
2428681,-
5203637,-
2408968,-
2032504,-
1251278,+
3846769,-
5372536,+
3224536,-
3074532,-
1826729,-
3881005,+
5471594,+
995884,+
5700074,-
1039929,+
4977580,+
2423654,-
1226364,+
5269635,+
4205288,-
153357,-
55457,-
2076295,+
3253702,+
969536,-
5579592,+
382908,-
4376731,+
1858199,-
5403048,-
1956095,+
3650690,+
4473547,-
2412498,-
1355291,-
3123045,+
2244315,-
1117482,-
2081812,+
5702142,-
3697367,-
2915986,+
1474299,-
3552710,-
4973397,-
2410284,+
4603962,+
5373872,-
1069374,+
6049087,+
5224482,+
1331463,+
4152577,+
1065560,+
3979659,-
5610825,-
3219577,+
1898810,+
4025569,-
3173626,-
747263,+
600375,+
5372474,+
1764528,-
2088059,+
2031452,-
3162293,+
2843768,+
3026044,-
153655,+
3293980,-
507422,+
6041123,+
2164597,-
469996,+
219026,+
3490015,+
4528535,-
371914,-
5265506,-
3016968,-
545127,+
828958,+
1436511,+
2003679,+
2965475,-
2014881,+
2808681,+
5751841,+
2568758,+
6187929,+
1803195,-
3132092,+
6119866,-
3332323,+
5927158,-
5266492,+
390953,+
4019692,-
266512,-
6222968,+
4134011,+
4416894,-
6071708,+
3757611,-
1749229,+
1254715,-
6220919,+
6071746,-
4298290,-
1877494,-
17316,+
6043007,+
4450401,-
3500633,+
2653094,+
1116124,-
4158086,-
3706939,+
3649293,-
1952506,-
4130478,-
5240091,+
3235705,+
2705760,-
3084907,-
560710,+
1527080,+
3031409,-
2635018,+
2054878,+
251621,-
253846,+
4237666,-
1749231,+
4570085,-
3623619,+
1164055,-
2573406,-
1048441,-
6192158,-
2558823,+
65060,+
3089795,-
5293256,+
4577587,+
6041719,-
1215112,+
2227460,+
1081930,-
1117506,-
4032292,+
471950,-
2016905,-
6166062,+
3684810,+
5057694,-
3116499,-
4257409,-
698803,+
2272458,-
5480267,-
3369379,-
3977973,+
4304563,-
1712730,+
784146,-
3824650,+
1348774,+
3080629,-
5230097,-
2216673,-
2016821,+
1224460,-
287099,+
2007563,+
3659795,-
5361442,-
2794150,+
5612245,-
3112514,+
1632687,+
3832913,+
3273477,+
3378410,-
2926644,-
5764666,-
2230283,-
3058985,+
5318486,+
4810487,+
3110528,-
3137648,-
4423089,+
4561491,+
521531,-
94890,-
5541904,-
2959318,+
2487308,+
991359,+
3402124,+
841862,+
6073402,+
367253,+
781100,+
779379,+
3128279,+
3791826,+
714699,-
2472939,-
863755,-
2213591,-
6037832,-
6091040,+
1635735,+
2059415,-
3283362,-
3152367,-
4181375,+
1215111,-
4281570,+
58674,-
5523812,-
1485785,+
2330895,+
2653284,-
720151,+
3395179,+
2694819,-
3856688,-
380896,-
849199,+
4626465,-
1697357,+
2117090,-
1746126,-
699545,+
5949667,+
3181132,+
500032,+
3819908,+
727000,-
3421406,+
1087334,-
360387,+
6213537,+
4348082,-
5850152,+
1526774,-
5911192,-
5800499,-
2390706,-
5242710,+
1330111,-
6042285,+
2307827,+
2977636,-
5597932,+
4791305,+
5402955,-
3086034,+
4478950,-
2016908,+
3177023,+
5513451,+
4389176,+
5907325,+
2829238,-
1087762,-
3402088,-
169273,-
4448816,-
3949827,+
3138843,+
4789017,-
5276210,-
1015863,+
6219773,+
4961118,-
2088296,-
1947855,-
2907607,-
4687581,-
4888584,-
5352117,+
4045030,+
1660710,+
4584805,+
534102,-
552721,+
3699287,+
2472951,+
4387327,+
5578572,-
6247728,+
1248951,+
6167485,-
1571779,+
4407635,-
714820,-
6121093,+
439894,+
868818,+
4977553,-
4790540,-
498400,-
628200,-
115202,+
2979479,+
413724,-
5431371,+
4582700,-
4503999,-
3309403,+
2206361,+
3153557,+
229846,+
1893497,-
4559994,+
3138703,+
240,+
1224516,-
263639,-
3552006,+
3118213,+
4772133,-
2272418,+
73934,+
2129210,-
3547607,+
6044574,+
177185,+
4830615,-
1729932,-
3249785,+
5044033,+
1072397,-
1376183,-
2759389,+
828940,+
5725420,+
403285,-
144180,-
3200282,+
4918188,-
3237674,+
3551451,-
6017571,+
2633302,-
5072626,+
1116333,+
4933786,+
1600032,-
4282011,-
4790458,-
5694519,-
605960,+
1947489,-
3893192,+
334607,+
1637846,+
1138219,+
5401725,-
4890281,-
901708,-
3730445,+
346784,-
2123884,-
6074162,-
3017133,+
2500349,-
1007668,-
66198,+
3697205,+
4893633,-
3051882,+
3129160,+
3099077,+
1486221,-
5513674,-
5867727,+
3547660,-
3574839,+
4297115,+
5315412,-
2032548,-
4135447,-
3195888,+
4059939,+
5369185,+
1215151,+
2123884,-
3236036,+
4903362,+
3082845,+
346718,-
4307907,+
1070867,-
994110,+
6096672,+
4402539,-
5797052,+
1618387,-
3161550,+
4772212,+
6028877,+
2969944,-
5361476,+
2933539,+
538194,+
5376839,-
785443,+
526870,+
3652001,-
4767802,-
723221,+
2244197,-
3820284,-
2208052,+
5506833,+
6095353,+
5495713,+
2728458,-
3112876,+
363100,+
2340393,-
6044722,-
413759,-
3545316,+
776728,-
706730,-
3315752,-
3472958,-
4699902,-
6212002,-
4894441,+
3229275,+
6040171,-
127333,+
1586856,-
61802,+
4602408,-
2117818,-
2487677,-
3297138,+
4018069,-
2396444,+
3150940,+
3930233,-
6105109,+
2965021,-
3083808,-
3561968,-
2761830,-
184246,+
2341782,+
5498716,-
384628,-
2032548,-
3772622,+
4792075,-
6091540,-
3813917,-
2341908,-
1633588,-
4006231,+
1229237,-
3129641,+
720277,+
5872892,-
788674,-
479853,-
2288952,-
1205308,+
5118371,+
2088213,-
4791072,-
1599404,-
2123891,+
3305762,+
5215663,+
4321039,-
2125898,+
390977,-
3306292,+
2894800,+
375770,+
4792443,-
3551847,-
4429327,+
3151618,-
587909,-
5141602,+
547352,-
1684040,+
6061270,-
517663,-
701399,+
2843625,+
595218,-
4619313,-
955266,+
1425776,-
4305529,+
4200979,+
3918800,-
2200672,-
1526322,-
672583,+
1554280,-
1621427,+
144136,-
192962,-
1112323,+
468341,-
3050236,-
3450813,-
360335,-
1650527,-
5318471,+
714747,+
4573619,+
137159,-
5804970,-
693593,-
6125272,+
527247,+
808797,-
1660635,-
56004,-
4536730,-
5689947,-
3080316,+
1511049,-
4473505,+
1045797,+
286302,+
3043715,+
5269534,+
4296281,+
1427827,-
2901648,+
5387840,-
3470463,-
3083508,-
5603156,+
2316659,-
5692501,-
4552793,-
4601470,-
4197067,-
5248806,+
2226571,+
1117481,-
5885387,-
1026261,+
448426,-
161664,-
1037559,-
2707232,+
2207962,-
3937877,+
55066,-
4274366,+
3084751,-
3612359,-
3173980,+
701399,+
1348578,+
1458673,-
899666,-
4753745,-
539707,+
1720532,-
4887939,-
4388916,-
2341840,+
4545438,-
4205959,+
3129672,+
4650339,-
3051682,-
6000239,+
6173239,-
399461,+
2104530,-
2918943,-
1215974,+
790973,-
1045325,+
3150983,-
4592977,-
5471461,+
2148687,-
3552899,+
4286757,-
3915667,-
6125167,+
2059384,-
4331235,+
794487,-
1240485,-
816544,+
5053407,-
1157915,-
3056878,-
2918638,+
2453579,-
5820874,+
1216056,-
3559386,+
2557967,-
5163781,-
2473135,-
2756886,-
5745010,+
5072210,+
1872423,-
747290,+
5433365,-
1039021,-
196868,+
723988,+
4305528,+
165196,+
597635,+
5118486,+
5835366,+
3195681,+
3582055,-
2251134,-
6044343,+
517695,+
4137969,-
3899938,-
797820,+
3329017,-
4296344,+
2287262,+
4969736,+
4473546,-
2397487,+
2049813,+
223939,-
3106999,+
4629462,+
734109,-
6043140,+
3414668,+
5850198,+
4008113,-
5969863,-
945660,+
498408,-
2605904,-
1712867,+
334600,-
6171766,-
1509474,-
4190593,-
5695229,+
2905698,-
5146668,-
1720642,-
1249770,+
2510477,+
3825776,-
4552697,-
2861772,+
3204501,+
5057619,-
2752732,-
4712086,-
3954890,-
3021780,+
884682,-
2141499,+
4096028,-
6071774,+
892875,+
170991,+
3403811,+
5579527,-
6045159,-
1215087,+
496522,-
1251250,+
5871098,-
913758,+
6181683,+
883224,+
2557993,+
3195748,-
5986262,-
6044007,-
3129265,-
2186993,+
3057865,+
1526887,+
1123144,+
1481223,+
2167270,+
4112245,-
440587,-
3627396,+
2235352,+
545956,+
273678,+
1247348,-
541665,-
2551133,-
3154590,-
2251013,+
2901650,-
66012,+
2340129,+
1756344,+
55773,-
4545558,+
4567959,+
4326685,-
5952981,-
905698,-
3551055,+
4893403,+
2205080,+
3455257,-
4785880,+
5246127,+
2926525,-
1124035,+
2088159,-
3151157,-
3552668,-
6183617,+
287072,-
3937443,-
4639491,+
4198714,+
2947627,-
806754,-
3677657,-
4157893,-
3930647,-
5619600,-
4669816,-
2333891,+
1047439,+
3594082,+
6053288,-
3552644,-
5522338,+
6033119,+
5877858,-
4418264,-
4837297,-
1427727,+
2406965,-
5276769,+
1724137,-
4630328,+
328683,+
5962618,-
5885456,-
1651995,+
1890086,+
1376180,+
4296245,+
864028,+
5297752,+
5097540,-
1242573,-
1629986,-
3050178,-
3778128,-
3625193,-
55051,+
3505793,-
3793067,+
4912885,-
6040896,-
4667831,+
4237635,-
851321,+
571091,-
2598534,-
234854,+
3817438,+
2761583,+
266510,-
3636409,-
5203401,-
4295457,+
2400581,+
4569753,-
4783170,+
3832823,-
1406957,-
5265404,-
5210698,-
5750860,-
675313,+
2260775,+
969540,+
5918208,+
5112541,-
212098,-
1634655,-
5040397,+
1355353,-
2862925,+
4536898,-
947152,+
507464,+
6019417,-
3085279,+
1402013,-
4969728,+
5118407,+
299345,-
1267237,+
56419,-
4874502,+
1029710,+
4366292,+
3085631,-
1501511,-
5036824,+
3085424,-
762589,+
4781280,-
4528695,-
3084939,-
5762137,-
3016599,+
3064784,-
4792675,+
3720080,+
5214996,-
3173923,-
551830,+
3843602,+
6091990,+
5272384,+
3988762,-
1780447,-
3611929,-
5311386,-
2106565,+
1580249,-
5071641,-
2432250,-
725229,+
1807920,-
1029811,-
6109220,-
1783229,-
1116301,+
3851804,+
3291195,+
2922622,-
1195224,+
1219591,-
699719,+
3502620,+
5969241,-
5148965,-
600225,-
6038200,-
699252,-
5995873,+
3410123,-
491920,+
5155456,-
375806,-
5210231,+
1796062,+
2516391,+
5275776,+
1877502,-
1533191,-
3551239,+
5491315,+
223694,-
4639495,+
378021,-
3819497,+
4364209,+
3080971,+
784503,-
4917171,-
4873238,-
738557,+
4918973,+
5429846,+
3551699,-
6206286,-
223928,+
136462,+
144873,+
3434163,-
1123923,-
2818984,-
326730,-
5126066,+
3192680,+
2927959,+
5675157,-
5265120,-
2349450,-
527202,-
5772105,+
725627,+
3552032,-
784507,+
2864009,-
3722968,-
1857167,+
4914512,-
1247619,+
2052845,-
3395272,-
1697439,-
5452137,+
4956208,+
3730223,+
302803,-
2409792,-
2143005,+
4227302,-
6241766,-
5265390,+
5072309,+
2605890,+
2928309,-
2696297,-
280800,-
4559975,+
1355406,+
1660689,-
733625,-
3779442,+
6049171,-
1802948,-
3284847,-
3316766,+
5122974,-
4726820,-
3930548,+
3547663,+
5156226,-
3083020,+
262531,-
1302520,+
5266692,+
3865776,-
1065492,-
4466285,-
2969411,+
1198639,+
54077,-
5269596,-
5502735,+
6040902,+
4912981,+
4792404,+
1834353,-
3123257,+
4206605,+
3607331,+
5940535,+
3057764,+
204616,+
5055971,-
686914,-
3723504,+
4570023,+
1163227,-
2828118,+
6091993,-
170991,+
1219610,+
831911,+
6171642,+
4918153,+
64770,+
4956157,-
2959281,+
727447,-
2241732,+
5412300,-
1986050,-
4670814,+
3173753,+
3112432,-
726414,-
2837255,+
440592,-
3919575,-
1868661,+
705991,+
2557996,+
1554191,+
593263,-
3089891,+
3949641,-
725794,+
1610659,-
668397,-
6125158,+
2332286,+
2093332,-
1519578,+
4016276,-
5332288,-
4584798,+
727524,-
3031511,-
142342,+
4561495,+
6247720,-
4792805,-
1112275,-
675075,+
6211840,+
3845032,-
725003,+
4349461,-
3475633,-
5036857,-
1711505,+
4272798,+
5098147,-
3386264,+
4309881,+
4793469,+
2729884,+
1359415,-
6044907,-
3299176,+
934163,-
5777996,-
3979765,-
229429,+
4794375,+
3500623,+
4167570,-
3772608,-
1141942,-
5513254,+
5722250,-
5323289,+
5948692,-
5268997,+
4989040,+
2446566,-
4416830,+
1756404,-
5382532,+
2274587,-
1728378,+
2607052,-
4377223,-
6186916,+
2241706,+
154199,+
4296104,+
3219575,-
4362984,-
5349855,+
3730110,+
2843542,-
5825969,+
2591707,+
3483472,-
1515937,+
5472111,-
4592692,+
58774,+
3475558,-
4385844,-
520710,-
4724357,+
5224577,-
4785938,-
5450668,-
810220,+
2696256,-
5647669,+
4559653,-
3249802,-
227370,+
4888652,+
2966905,+
4408752,+
634359,-
4547812,+
835411,-
4595736,-
1650311,-
4095099,-
6039970,-
5632908,-
2558769,-
906764,+
169284,+
749834,+
5780928,-
2532053,+
1257474,-
223603,-
1405324,-
1737430,-
721561,-
3467005,-
6100079,-
1717974,-
1123003,+
1048240,-
3152230,+
1157927,-
229517,-
3765123,-
5998297,-
1450455,-
2097464,+
1189146,+
3825859,-
5246180,+
5308444,+
4793335,+
958216,-
2706201,+
1112366,-
732653,-
3688871,+
2442991,+
2753813,-
1974652,-
424650,+
2411532,+
896364,-
958370,+
6101711,-
928980,-
4389087,+
3265214,+
5132586,-
5775001,+
5959403,+
3309402,-
3547552,-
4705716,-
4861514,+
1599377,-
1081922,-
1349238,-
1355563,-
5401838,-
785551,-
3216911,+
6006193,-
3151534,-
883646,+
2234010,-
4559730,+
279530,-
384661,+
2944119,+
1904326,-
3667904,+
1037609,+
1715099,+
3616790,+
4476971,+
5406116,-
4092973,+
3305626,+
1732250,-
732818,+
4455831,+
811212,-
3029007,-
1482815,-
4584726,+
3094654,-
5030334,+
4965077,-
3636342,-
5098162,+
3138625,-
2117709,+
5210305,+
57103,-
703337,-
3791013,-
1284504,-
258401,+
969592,+
5126112,+
550510,-
61873,+
3015990,+
4907826,+
3612029,+
1087101,-
1796984,-
3720118,+
6171880,-
3527144,+
4894342,-
1497011,+
158144,+
3082412,+
5720318,+
2119942,-
1711286,-
2568725,-
6041753,-
3307017,+
3085059,+
784647,-
5176211,-
1489514,+
597617,+
2906158,-
4996466,-
263578,-
4189741,+
5949778,-
138758,+
1474029,+
3152385,+
1557925,-
4102594,+
5125539,+
3581772,-
1048132,+
5647606,+
674659,+
1267195,-
3768043,+
2992508,+
2291066,-
822912,-
2425463,-
6042250,-
1481280,-
3880976,-
2822489,+
4321291,+
4959917,-
2226570,-
1928827,+
2568674,+
3841996,-
722259,+
5072565,+
1630888,-
2221252,-
3010899,+
2032423,+
5940648,+
5282709,+
4863243,-
2756602,+
1482955,-
61343,+
4294716,-
2282094,+
2473033,+
6172194,+
3047053,+
2487596,-
5131268,-
1557954,-
2031455,+
449384,-
3636575,+
5775508,-
225255,+
4010485,-
905694,-
4558277,-
1420195,-
3843358,+
4888224,-
6040803,+
3874609,+
5466634,+
6019024,+
4658320,+
4442367,-
4354143,-
16274,+
3780358,-
4183428,+
3489996,-
95010,-
4305042,+
5738378,+
2916080,+
2737671,+
3080740,-
1593097,-
4629249,-
2412147,+
3841801,+
5050702,-
5779930,+
3919717,+
1350701,-
5571940,-
1534287,+
57047,-
4105797,-
3253245,+
3397082,+
1069440,+
5248884,+
1455626,+
397898,-
5308656,-
25601,-
2396268,+
4288918,-
3894014,-
3797000,+
4359167,-
4447066,-
6019013,+
3441671,-
4158027,+
5414516,+
3674337,+
4671238,-
1401216,-
1347859,-
4680088,+
2233907,-
2883117,+
4584984,-
4700880,-
3043689,-
3820964,+
3284787,-
2145892,-
1099641,+
5907365,+
6046893,-
1205042,+
3284604,+
1078016,-
4281615,-
3110771,+
805598,-
3025772,-
5156291,+
5486244,+
4791563,-
1249739,+
548422,-
2396302,-
937410,-
3867699,-
1947469,-
5284213,+
1947358,+
4438562,-
1703282,+
2117048,-
1921145,-
4696201,-
1015909,-
3284817,+
788776,-
4560003,+
4767265,+
923960,+
5155446,-
660300,-
4705387,-
393305,-
1074761,-
1939548,-
5061704,-
4989137,+
2361254,-
5349149,+
1205538,-
3017109,-
1626005,-
3763147,+
6156654,+
1456898,-
3291935,-
5891584,+
5585579,-
3152394,-
1255037,-
1629977,-
2393668,-
3958081,+
3545564,-
2404929,+
3150834,+
3649629,+
1183023,+
6113779,+
6119923,-
2444485,-
2564220,-
4426883,-
4819915,+
4057570,+
3279472,-
1087193,+
2918551,+
5933647,+
1215671,+
5820879,-
6039977,-
3421376,-
5777132,-
5640743,-
4010467,+
3081127,-
5521656,-
831895,+
3677651,-
3206826,+
4495094,+
4967301,-
1409918,-
998406,+
1712863,+
781191,+
6171521,-
74026,+
1549747,+
2291103,-
6011938,-
4333120,-
3874611,-
5072463,+
546166,-
5595117,+
3893357,-
1286914,-
2351877,+
1447209,-
3442550,-
501188,-
2118236,+
4968522,-
398108,+
4888834,+
2274723,+
4595803,+
5071739,-
3475802,-
4899537,+
5705726,-
3400531,-
3237775,-
1623139,-
1493081,-
55595,+
3893077,-
6091348,-
5708817,+
4619301,+
4305401,-
393255,+
1027994,-
5195307,-
784475,+
3649534,+
1468372,-
3396856,-
4791066,-
3080147,+
2808638,+
2282394,+
2249652,+
2126355,-
723866,+
3719218,-
286291,+
2694814,-
1114724,-
6091992,+
2267607,-
3846768,+
3146055,-
5542052,+
2640971,+
916164,+
3527344,+
1692963,-
1482877,+
5431148,-
4255365,+
3551139,+
1035181,+
2551201,+
5182466,-
2115750,-
3173269,-
5208325,-
2500468,+
528983,-
3249812,+
4630329,-
57039,+
297622,-
5322498,-
3791192,-
65000,+
3865890,+
3885410,+
6071713,-
3710148,-
1779858,-
1764510,+
545951,+
6040999,+
3414024,+
5387786,+
2747215,+
3251605,-
5362074,-
5940681,+
1242637,-
3285653,-
610210,+
1707943,+
916322,-
5541702,-
5645502,-
4607492,+
5271469,+
950668,+
229861,-
4052685,-
3561966,+
6101859,-
4295711,-
2471060,-
1706157,-
4687600,+
3294241,-
6040801,+
3551646,+
4008718,+
2521142,+
5289180,-
1347862,+
3013837,+
1984377,-
507539,-
4250605,+
3671058,+
5852636,-
2192478,-
2361248,-
3107938,-
923841,+
4461242,-
5266525,-
3173308,-
471285,-
4371280,+
4837160,-
288267,+
426862,-
2355666,+
2364296,+
612472,+
5195364,+
5141504,-
1769017,-
5916875,+
2912032,-
725627,-
4359195,-
5332028,+
3237586,+
2088169,-
1980131,+
4884687,+
4751615,-
417444,+
3937586,-
168124,-
1703238,+
4887800,+
1730075,-
4558266,+
1037548,-
3592975,+
3778119,-
2760774,+
1243264,-
901247,+
4793572,-
3674479,+
3697340,+
5234929,-
866461,-
4985752,+
4272789,-
5524840,+
2364226,+
2096481,+
4541928,-
2141670,-
4544509,-
1215833,-
6254920,-
3043689,+
1720647,+
147400,-
1116530,+
5645425,-
4170579,+
5080614,+
3293891,+
264729,-
3650765,+
2728532,+
4791060,-
2282160,+
1481123,+
2936457,+
1989475,+
3772605,-
5659192,+
5524831,+
1246649,-
3598382,+
916308,-
2855510,-
3332342,-
1118137,+
4102032,-
596923,-
4996436,-
358163,+
1124028,-
3081233,-
5268948,-
4016285,+
2861808,-
2351828,+
660293,-
4713620,-
4839579,+
4201187,-
2759206,-
2289083,-
2116721,+
2451222,-
1654463,-
5471606,+
3648166,-
4463856,-
5456157,+
851552,+
723154,+
184080,-
3119196,-
947045,+
1808084,-
2076308,-
301057,+
6035736,-
1773550,+
4228990,+
2977655,-
4291295,-
3850780,-
332983,+
2250701,-
5337720,-
892844,+
5656927,+
1215590,-
3115233,-
3221180,-
3119301,-
686947,-
4037884,-
4876801,-
3528376,-
1495616,-
1108948,-
2724453,+
2069152,-
5156167,-
3082672,+
1969627,+
2069041,+
1279790,+
1634603,+
4903303,+
4057110,-
1210537,-
3173529,-
4861435,-
779226,-
2400583,-
143538,+
4784238,+
1509506,-
502706,-
6091149,-
5667678,-
1065910,+
5386311,-
3177023,-
3554144,-
173660,-
4831244,-
5146434,+
1291796,+
797681,+
6043477,-
2577005,+
1986874,+
6110782,+
517798,-
5285267,+
3026985,+
1511167,-
3730516,-
4183540,-
5327391,+
1988882,+
4989114,+
713251,-
1943001,-
913023,-
4791502,+
354604,-
2897432,+
3578506,+
5764640,+
2311310,-
1220661,+
5222395,+
1632886,-
1583853,-
6211791,-
3567571,-
2329280,+
1045754,+
789024,+
297664,-
5908336,+
2549607,-
2797605,-
6170080,-
2698289,+
2036282,-
2423675,-
785286,+
171023,-
3618472,-
6031291,+
4057657,-
675290,-
4296926,+
3677359,-
1039756,+
6056793,+
3381754,+
4428379,-
2069410,-
82379,+
4241079,-
3010989,-
2760155,+
2148528,+
3404864,-
6095321,+
3551843,-
2239821,+
3642844,+
394417,+
5382475,-
4034710,+
2195436,-
6082280,-
3545148,-
4552767,+
2860314,+
673140,-
5071610,+
5210658,+
3588599,+
5267348,+
1655343,-
559560,-
2905902,-
8573,-
2129267,+
2870035,-
2870069,+
6044435,-
2390750,+
1291698,-
5382540,+
4789988,-
1425874,+
5071688,+
4483370,-
559227,+
5698304,-
784508,+
4569630,-
3475429,+
1342658,+
373724,-
4167631,+
1277621,-
3208624,-
4595822,+
5589293,+
6077942,+
41086,+
5289149,-
6161006,+
3631604,+
2287510,+
536122,-
282878,+
3154564,+
3137036,+
55602,-
5784390,+
2233631,-
1601967,-
3123538,-
4696098,+
1972153,-
4878735,+
3486377,-
2553897,-
4316056,+
1099618,+
5953057,+
74014,+
3151515,+
3605123,+
3514615,+
1888224,+
948635,-
5264184,-
3360766,-
4416904,+
4418093,+
3514752,-
3106845,-
2640376,+
1433094,+
6086790,-
55736,-
2150797,+
4034709,-
64771,-
2912084,+
5435985,-
4466784,+
2150783,+
857966,-
928938,+
1703352,+
5004796,+
3930527,-
4008922,-
2361671,+
1482858,-
2754282,-
3394695,+
16323,-
5146665,+
65137,-
6044686,+
3915427,+
581117,+
4423041,+
1117857,-
4682168,-
1254585,+
4249986,+
2169922,-
5289071,+
4311883,+
3373245,-
507305,-
174723,-
1266809,-
3892104,-
947133,-
2541181,-
2808698,-
1124804,+
3631601,+
5229380,-
5689903,+
6071824,+
4028645,-
436462,+
3026964,+
3087821,+
4519060,-
724120,+
4612567,-
1324745,+
3515312,-
2314398,+
2636423,-
3067924,+
559325,-
3404864,-
6071790,-
5472376,-
3765098,+
5578624,-
3958279,+
4057117,-
4956156,-
193699,-
1447103,+
3088427,+
1947663,-
1709804,-
768351,+
3279453,+
2326139,-
3958870,-
2157910,+
1666019,+
65594,+
1735138,-
304028,-
1357313,-
1126852,+
318222,-
985583,-
900305,+
4318091,-
53922,-
5800415,+
5199396,-
559338,-
1242501,+
3273383,-
1732372,-
5391724,-
4016400,+
5826126,-
5357208,+
5988075,-
4713469,+
4101996,-
3895211,+
1959075,-
3846808,-
2516312,-
4075071,-
5996993,+
6217292,+
1526959,-
5276006,-
496786,-
1618575,+
1728356,+
2598586,+
223573,-
2411485,+
193694,+
1201306,+
4244842,-
436497,-
2451448,+
6260118,-
1629015,-
1893564,-
4012555,+
4389223,-
4794264,+
5266501,+
4228970,+
2238989,+
4471811,-
775328,+
4494455,+
5230027,+
1773548,+
3677449,-
4066055,+
1210499,+
5541868,-
4294679,-
3889001,-
2860399,+
1824867,+
5287063,-
1266785,-
5725465,-
3079986,-
5687490,+
2233805,+
1618337,+
4692056,-
3151916,-
4536897,+
1855737,-
2031340,-
1215201,+
4294964,-
5890970,-
5477733,-
2884169,+
3185843,+
5406122,-
4539213,-
638302,-
2117841,-
1045769,-
5798682,+
184037,-
1558103,-
4502145,+
4116166,-
2824087,-
346768,-
1112475,+
4793509,-
5176667,+
1297136,+
4407635,-
2422755,-
3584347,-
2230327,+
5455044,-
2016698,+
5660188,+
816088,-
564775,+
5122542,+
5176216,-
5624800,-
4977593,+
3230203,+
3083252,-
4746561,-
4788492,-
145510,+
4458822,+
5267514,+
4705380,-
25609,+
2127507,+
5371651,+
1027986,-
3504756,-
4389043,+
2969960,+
6108171,-
5597850,+
4296331,+
4893384,+
2893196,+
3894053,+
68813,+
479844,+
1427990,-
283735,+
6261800,+
5141373,-
829040,+
263645,+
5986458,-
3962278,-
3725455,+
3206687,-
3547319,-
6075873,+
5345013,+
5313661,-
683564,+
3374438,-
5050690,+
4919006,+
2094303,-
1236475,+
5437737,+
4534690,-
3094603,-
5264187,+
947127,-
367250,+
4539234,+
4965011,+
3964147,+
5947132,+
5867092,-
2527327,+
4008635,+
2148779,-
1141084,-
5257661,+
3937105,+
5331489,-
3582093,+
5125941,+
3766475,-
4206024,-
282841,-
1065483,-
213806,+
2226459,+
986815,-
3051708,-
4269611,-
5896785,+
4352795,-
4297180,+
5141528,-
1524416,+
5386344,+
1135403,+
5896781,-
3659133,-
1544241,-
5118491,+
4189699,-
5861719,+
3090124,+
2028421,+
2472952,+
2226547,-
3056889,-
4507798,-
1707797,+
4590364,-
3082372,-
4003677,-
338362,+
3254529,+
2314366,-
5276258,-
360352,-
73948,+
5847104,+
5891018,+
1795904,-
190119,+
1720645,+
213743,-
3647661,+
3271809,-
780144,+
5210503,-
1249699,+
5361392,+
5071545,-
3527425,-
2332189,+
1709789,+
2238453,+
1697947,-
1559879,+
5146714,+
1895252,-
3420822,+
6001395,-
6043633,+
612815,+
5848445,+
5449030,+
3627398,+
6135676,+
1920436,-
304150,-
3747472,+
900272,+
4275975,-
4559904,-
1485809,-
6041082,-
3150527,-
3056828,+
1650377,+
1062757,+
4190614,-
3134998,+
1227372,+
1381582,-
3761834,+
5131224,-
16668,-
6259669,+
3624692,+
2894409,+
783887,+
4536709,-
3200267,+
3608061,+
6166070,-
1131624,-
367377,-
4781208,+
5224786,+
6055464,+
2007620,+
1478959,+
1753590,+
5969332,-
1886109,-
243838,-
5251710,+
2999972,+
5118532,-
2728356,+
5950975,-
6213579,-
298346,+
899749,-
5986188,-
2151239,+
2510472,+
17342,-
2787991,-
2846121,-
4977667,-
4528652,-
1317372,-
630337,+
991435,+
995998,-
5067841,+
509848,-
1182947,+
2881663,-
1852278,+
4609409,+
3996805,-
2330503,-
6116445,+
326867,-
3934760,-
1093146,+
2232219,-
5061631,-
2785341,-
3856562,-
6162056,+
4545741,+
4648931,-
3150907,+
3088535,-
6090813,-
3677614,-
1697327,+
4588718,+
273688,+
2923130,+
1036148,-
2146957,+
4244809,-
4436004,+
5473699,-
895697,-
4296733,+
1711464,+
1326966,-
2905729,+
4791965,+
5013961,+
3564413,-
2361509,-
4127681,-
4831330,-
2233991,+
3316692,-
2614732,+
5660279,-
3150597,-
1825453,-
3129462,-
6074150,-
3084007,+
788958,-
5403237,-
1468459,-
4530677,+
4696192,-
1707688,+
196760,-
5792491,+
1673090,-
3138571,-
5207876,-
3768151,+
2148819,+
1370117,+
1474294,-
3958221,+
5269167,+
5884303,-
2094142,-
3859285,-
913055,+
5977626,-
3547004,-
5282590,-
2405906,-
4214675,+
863715,-
3332406,+
2169216,-
3116031,-
182616,+
4072505,-
2239468,+
4087471,-
5583918,+
1240569,+
6041167,-
5072046,+
2148696,+
1644139,+
6008796,+
2031943,+
502639,-
785279,+
3016652,+
4035595,-
5835330,-
6086761,+
1357093,+
6017610,+
4625037,+
724816,+
2824239,+
3077279,+
628215,+
2343088,-
5295128,+
723365,-
4974075,+
1207946,+
1116395,+
2008264,-
1184566,-
4488399,-
2450785,+
5146808,-
2966859,-
6160939,-
5093040,-
1598157,+
2623593,-
727323,-
5977016,+
5269161,-
2802645,-
4474667,+
778220,-
5252617,+
5657534,-
4400046,-
5071647,-
4648863,-
878698,+
5724626,-
2418665,+
1293265,+
269543,+
660217,-
3527066,+
4101991,-
65707,-
4888783,+
6039232,+
2707300,-
1257703,+
2061210,+
3632771,+
1592181,+
1886252,-
5269764,-
3791814,-
5080331,+
4298292,-
3893179,+
1489205,+
5687466,+
2915860,-
5112979,-
4567969,+
4471668,-
5387880,-
6172017,+
713206,+
3329673,-
1373900,-
4713682,+
1292472,+
6145236,-
599091,+
5487119,+
2761791,-
1762917,+
1099665,-
1247363,-
1720412,+
630330,-
3138824,+
5655589,-
2409759,-
5583786,-
3792213,+
3360785,+
2646755,-
797868,-
2558211,+
3552527,-
4229044,+
924030,-
5950988,-
2405984,+
5480291,-
2965079,+
5386319,-
1317384,+
4423045,+
4746566,+
4793288,+
3677447,-
3151528,+
6224850,-
65179,-
726301,+
4979772,-
3653488,-
5504108,-
60273,+
3706909,-
2928074,+
779219,-
2097350,+
4010500,+
3122363,-
1679118,+
6167741,+
2014893,-
4814971,-
1127605,+
4152423,+
1602078,-
4244805,+
4927985,+
5775401,-
3744008,+
721826,-
356508,+
5386871,+
1586862,+
1015861,-
6041486,+
263672,+
3237677,+
3779871,+
5200463,+
2893257,+
496779,-
1455764,+
1292450,+
1635724,-
5252581,-
6091783,-
5744757,+
4305325,+
6019102,+
3885441,+
6041182,-
5295020,-
3470591,-
3129679,+
3513124,-
4588585,+
4760881,+
5498653,+
5112662,+
393272,-
2450836,+
5516362,+
5751838,-
1249605,-
3633483,-
2332362,-
4093037,-
2724255,+
5924393,-
4240793,+
2116688,+
2558539,+
4295197,-
1370186,+
1582481,+
863759,-
4428199,+
6032301,-
4201190,+
5487060,+
5284216,-
784165,-
1617098,+
403071,-
3730144,-
1704447,-
1633504,+
5317518,-
1479905,+
1474356,+
6226462,+
600274,-
6219226,+
3012586,-
5805148,-
5182306,-
4382908,+
5891609,-
5424728,+
4843766,+
3855402,-
714963,+
2250684,+
5799441,+
123823,+
5940614,+
2358339,-
5071906,+
5970540,+
2238990,+
4512536,+
223825,-
5068996,-
37013,-
3778082,+
3116520,+
518043,+
2226778,+
4165585,+
6044298,-
6212001,-
1251402,-
3084910,-
1549784,-
5215009,-
2487552,-
2623450,+
3180466,+
5537308,+
5171976,+
663453,+
1728394,-
5269322,-
1920427,-
3950253,+
945629,+
3962649,+
2977613,+
699667,+
4577368,+
628134,-
1376141,-
2269484,+
55828,-
2226526,-
